App,KeyWords,count
104 ÊâæÂ∑•Ôø?- ÊâæÂ∑•Ôø?ÊâæÊâìÔø?ÊâæÂÖºÔø?Â±•Ê≠∑ÂÅ•Ê™¢ Â±•Ê≠∑Ë®∫ÁôÇÔø?,English,1
104 ÊâæÂ∑•Ôø?- ÊâæÂ∑•Ôø?ÊâæÊâìÔø?ÊâæÂÖºÔø?Â±•Ê≠∑ÂÅ•Ê™¢ Â±•Ê≠∑Ë®∫ÁôÇÔø?,version,1
11st,Top,1
11st,bar,1
11st,newest,1
11st,update,1
11st,shop,1
1800 Contacts - Lens Store,glad,1
1LINE Ôø?One Line with One Touch,yoko,1
21-Day Meditation Experience,Update,1
21-Day Meditation Experience,Reliable,1
21-Day Meditation Experience,co,1
"2Date Dating App, Love and matching",premium,1
2GIS: directory & navigator,Yesterday,1
2GIS: directory & navigator,wrong,1
2GIS: directory & navigator,location,1
2GIS: directory & navigator,meeting,1
2ndLine - Second Phone Number,number,1
2ndLine - Second Phone Number,verification,1
2ndLine - Second Phone Number,tell,1
2RedBeans,platform,1
2RedBeans,thank,1
30 Day Fitness Challenge - Workout at Home,helpful,1
365Scores - Live Scores,wonderful,1
365Scores - Live Scores,application,1
4 in a Row,fun,1
4 in a Row,game,2
4 in a Row,good,1
4 in a Row,brain,1
4 in a Row,game,2
4K Wallpapers and Ultra HD Backgrounds,animated,1
4K Wallpapers and Ultra HD Backgrounds,Overall,1
591ÊàøÂ±ã‰∫§Êòì-È¶ôÊ∏Ø,lot,2
591ÊàøÂ±ã‰∫§Êòì-È¶ôÊ∏Ø,time,2
591ÊàøÂ±ã‰∫§Êòì-È¶ôÊ∏Ø,lot,2
591ÊàøÂ±ã‰∫§Êòì-È¶ôÊ∏Ø,time,2
591ÊàøÂ±ã‰∫§Êòì-È¶ôÊ∏Ø,management,1
591ÊàøÂ±ã‰∫§Êòì-ÁßüÂ±ã„ÄÅ‰∏≠Âè§Â±ã„ÄÅÊñ∞Âª∫Ê°à„ÄÅÂØ¶ÂÉπÁôªÈåÑ„ÄÅÂà•Â¢ÖÈÄèÂ§©„ÄÅÂÖ¨ÂØìÂ•óÊàø„ÄÅÊç∑ÈÅã„ÄÅË≤∑ÊàøË≥£ÊàøË°åÊÉÖ„ÄÅÊàøÂÉπÊàøË≤∏Êü•Ôø?,good,1
591ÊàøÂ±ã‰∫§Êòì-ÁßüÂ±ã„ÄÅ‰∏≠Âè§Â±ã„ÄÅÊñ∞Âª∫Ê°à„ÄÅÂØ¶ÂÉπÁôªÈåÑ„ÄÅÂà•Â¢ÖÈÄèÂ§©„ÄÅÂÖ¨ÂØìÂ•óÊàø„ÄÅÊç∑ÈÅã„ÄÅË≤∑ÊàøË≥£ÊàøË°åÊÉÖ„ÄÅÊàøÂÉπÊàøË≤∏Êü•Ôø?,searching,1
591ÊàøÂ±ã‰∫§Êòì-ÁßüÂ±ã„ÄÅ‰∏≠Âè§Â±ã„ÄÅÊñ∞Âª∫Ê°à„ÄÅÂØ¶ÂÉπÁôªÈåÑ„ÄÅÂà•Â¢ÖÈÄèÂ§©„ÄÅÂÖ¨ÂØìÂ•óÊàø„ÄÅÊç∑ÈÅã„ÄÅË≤∑ÊàøË≥£ÊàøË°åÊÉÖ„ÄÅÊàøÂÉπÊàøË≤∏Êü•Ôø?,house,1
7 Cups: Anxiety & Stress Chat,fine,1
7 Cups: Anxiety & Stress Chat,glitchy,1
7 Cups: Anxiety & Stress Chat,feat,1
7 Day Food Journal Challenge,pointless,1
7 Day Food Journal Challenge,find,1
7 Minute Workout,great,1
7 Minute Workout,workout,1
7 Minute Workout,abilit,1
7 Weeks - Habit & Goal Tracker,Wonderful,1
7 Weeks - Habit & Goal Tracker,amazing,1
7 Weeks - Habit & Goal Tracker,perfectioni,1
8 Ball Pool,pic,1
8 Ball Pool,face,1
850 Sports News Digest,df,1
850 Sports News Digest,awesome,1
850 Sports News Digest,bcoz,1
8fit Workouts & Meal Planner,Wow,1
8fit Workouts & Meal Planner,second,1
8fit Workouts & Meal Planner,day,1
8fit Workouts & Meal Planner,sweaty,1
A Call From Santa Claus!,account,1
A Call From Santa Claus!,sure,1
A Call From Santa Claus!,re,1
A Word A Day,word,1
A Word A Day,day,1
A Word A Day,couple,1
A&E - Watch Full Episodes of TV Shows,pleased,1
A&E - Watch Full Episodes of TV Shows,easy,1
A&E - Watch Full Episodes of TV Shows,great,1
A&E - Watch Full Episodes of TV Shows,quality,1
A+ Gallery - Photos & Videos,worst,1
A+ Gallery - Photos & Videos,photo,1
A+ Gallery - Photos & Videos,gallery,1
A+ Mobile,convenient,1
ABC Kids - Tracing & Phonics,daughter,1
ABC Preschool Free,Yess,1
ABCmouse.com,ok,1
ABCmouse.com,time,1
Abs Training-Burn belly fat,day,1
Abs Training-Burn belly fat,good,1
Abs Training-Burn belly fat,begi,1
AC - Tips & News for AndroidÔø?,open,1
AC - Tips & News for AndroidÔø?,bit,1
Account Manager,update,1
Account Manager,phone,1
Account Manager,apps,1
Accounting App - Zoho Books,rate,1
Accounting App - Zoho Books,PC,1
Accounting App - Zoho Books,version,1
AccuWeather: Daily Forecast & Live Weather Reports,permissio,1
Acorn TV: World-class TV from Britain and Beyond,glad,1
Acorn TV: World-class TV from Britain and Beyond,interface,1
Acorn TV: World-class TV from Britain and Beyond,gre,1
Acorns - Invest Spare Change,lot,1
Acorns - Invest Spare Change,money,1
Acorns - Invest Spare Change,accou,1
"AD - Nieuws, Sport, Regio & Entertainment",such,1
"AD - Nieuws, Sport, Regio & Entertainment",confusing,1
"AD - Nieuws, Sport, Regio & Entertainment",navigation,1
"AD - Nieuws, Sport, Regio & Entertainment",cube,1
Ada - Your Health Guide,helpful,1
Ada - Your Health Guide,everyone,1
Add Text To Photo,bad,1
Add Text To Photo,app,1
Adobe Acrobat Reader,account,1
Adobe Acrobat Reader,open,1
Adobe Photoshop Express:Photo Editor Collage Maker,confusing,1
Advanced Task Killer,help,1
Advanced Task Killer,phone,1
Advanced Task Killer,way,1
AdWords Express,time,1
Agar.io,Your,1
Agar.io,game,1
Agar.io,bad,1
Agar.io,honest,1
Agar.io,time,1
Age Calculator,interface,1
Age Calculator,good,1
Age Calculator,design,1
Agoda Ôø?Hotel Booking Deals,good,1
Air Traffic,stop,1
AirAsia,login,1
AirAsia,email,1
Airbnb,offer,1
Airbnb,allow,1
AirBrush: Easy Photo Editor,audio,1
AirBrush: Easy Photo Editor,recording,1
Airport + Flight Tracker Radar,comprehensive,1
Airport + Flight Tracker Radar,app,1
Airway Ex - Intubate. Anesthetize. Train.,realistic,1
Airway Ex - Intubate. Anesthetize. Train.,sim,1
Akinator,type,1
Akinator,app,1
Akinator,happy,1
Akinator,see,1
Alarm Clock,several,1
Alarm Clock Free,alarm,1
Alfred Home Security Camera,software,1
Alfred Home Security Camera,trash,1
"AliExpress - Smarter Shopping, Better Living",contact,1
"AliExpress - Smarter Shopping, Better Living",difficult,1
All Email Providers,Unstable,1
All Email Providers,slow,1
All Email Providers,unresponsive,1
All Events in City,ticket,1
All Events in City,wait,1
All Events in City,screen,1
All Football - Latest News & Videos,Woow,1
All Football - Latest News & Videos,best,1
All Football - Latest News & Videos,football,1
All Football - Latest News & Videos,i,1
All Football - Latest News & Videos,re,1
All Language Translator Free,smart,1
All Maths Formulas,much,1
All Maths Formulas,contest,1
All Maths Formulas,contestant,1
All Maths Formulas,study,1
All Mental disorders,learn,1
All Mental disorders,much,1
All Mental disorders,info,1
All Mental disorders,..,1
All Social Networks,shameless,1
All Social Networks,stupid,1
All Social Networks,fkingapp,1
All Social Networks,al,1
All Video Downloader 2018,..,2
All Video Downloader 2018,third,1
All Video Downloader 2018,class,1
All Video Downloader 2018,app,1
All Video Downloader 2018,..,2
All-in-One Mahjong 3 FREE,lack,1
All-in-One Mahjong 3 FREE,room,1
All-in-One Mahjong 3 FREE,phone,1
"All-In-One Toolbox: Cleaner, Booster, App Manager",great,1
Allrecipes Dinner Spinner,great,1
Allrecipes Dinner Spinner,large,1
Allrecipes Dinner Spinner,variety,1
AlReader -any text book reader,Wrong,1
AlReader -any text book reader,response,1
AlReader -any text book reader,code,1
AlReader -any text book reader,network,1
AlReader -any text book reader,libr,1
Alto's Adventure,Yeah,1
Alto's Adventure,game,1
Alto's Adventure,problem,1
Alto's Adventure,hover,1
Alto's Adventure,power,1
Amazon for Tablets,latest,1
Amazon for Tablets,update,1
"Amazon FreeTime Ôø?KidsÔø?Videos, Books, & TV shows",year,1
"Amazon FreeTime Ôø?KidsÔø?Videos, Books, & TV shows",old,1
"Amazon FreeTime Ôø?KidsÔø?Videos, Books, & TV shows",educational,1
Amazon Kindle,Wow,1
Amazon Kindle,great,1
Amazon Kindle,kindle,1
Amazon Prime Video,reliable,1
Amazon Shopping,Ôø,1
AMC Theatres,go,1
AMC Theatres,buy,1
AMC Theatres,week,1
AMC Theatres,able,1
AMC Theatres,log,1
AMC Theatres,hour,1
American Airlines,unable,1
American Airlines,sign,1
Amex Mobile,latest,1
Amex Mobile,version,1
Amex Mobile,work,1
Amino: Communities and Chats,terrible,1
Amino: Communities and Chats,full,1
Amino: Communities and Chats,sex,1
Amtrak,recent,1
Amtrak,update,1
Amtrak,user,1
Amtrak,fri,1
ANA,aeroplan,1
ANA,number,1
ANA,international,1
ANA,fli,1
Anatomy Learning - 3D Atlas,¬°Me,1
Anatomy Learning - 3D Atlas,encanta,1
Anatomy Learning - 3D Atlas,grateful,1
Ancestry,fine,1
Ancestry,latest,1
Ancestry,update,1
Ancestry,black,1
Ancestry,sc,1
"Android Auto - Maps, Media, Messaging & Voice",time,1
"Android Auto - Maps, Media, Messaging & Voice",confused,1
"Android Auto - Maps, Media, Messaging & Voice",str,1
Android Messages,baby,1
AndroZipÔø?FREE File Manager,Year,2
AndroZipÔø?FREE File Manager,year,2
Anger of stick 5 : zombie,make,1
Anger of stick 5 : zombie,game,1
Angry Birds 2,shame,1
Angry Birds 2,great,1
Angry Birds 2,game,1
Angry Birds 2,spoilt,1
Angry Birds 2,fact,1
Angry Birds Classic,life,1
Angry Birds Classic,angry,1
Animal Planet GO,sign,1
Animal Planet GO,TV,1
Animal Planet GO,provider,1
Animal Planet GO,unlock,1
Animated Photo Editor,good,1
Animated Photo Editor,work,1
Anime Avatar Creator: Make Your Own Avatar,pretty,1
Anime Avatar Creator: Make Your Own Avatar,disappointing,1
Anime Avatar Creator: Make Your Own Avatar,low,1
Anime Avatar Creator: Make Your Own Avatar,quality,1
Anime Manga Coloring Book,good,1
Anime Manga Coloring Book,wish,1
Anime Manga Coloring Book,add,1
Anthem Anywhere,actual,1
Anthem Anywhere,eob,1
Anthem Anywhere,option,1
Anthem Anywhere,open,1
Anthem BC Anywhere,monkey,1
Anthem BC Anywhere,S,1
"Any.do: To-do list, Calendar, Reminders & Planner",actual,1
AP Mobile - Breaking News,star,1
AP Mobile - Breaking News,review,1
Apartment Decorating Ideas,useful,1
Apartment Decorating Ideas,practical,1
Apartment Decorating Ideas,young,1
Apartment Decorating Ideas,owner,1
"Apartment List: Housing, Apt, and Property Rentals",helpful,1
"Apartment, Home Rental Search: Realtor.com Rentals",many,2
"Apartment, Home Rental Search: Realtor.com Rentals",many,2
Apartments & Rentals - Zillow,home,1
Apex Launcher,update,1
Apex Launcher,many,1
Apk Installer,Worked,1
App vault,star,1
App vault,useless,1
App vault,prov,1
Apple Daily ËòãÊûúÂãïÊñ∞Ôø?,work,1
AppLock,half,1
AppLock - Fingerprint,Your,1
AppLock - Fingerprint,recovery,1
AppLock - Fingerprint,bad,1
AppLock - Fingerprint,hurry,1
AppLock - Fingerprint,help,1
Aprender ingl√©s con Wlingua,good,1
Aprender ingl√©s con Wlingua,application,1
Aprender ingl√©s con Wlingua,fu,1
"APUS Launcher - Theme, Wallpaper, Hide Apps",launcher,1
Arrow.io,Your,1
Arrow.io,game,1
Arrow.io,trash,1
Arrow.io,fix,1
ARY NEWS,permission,1
ARY NEWS,ask,1
ARY NEWS,nougat,1
Asana: organize team projects,work,1
Asana: organize team projects,phone,1
Asana: organize team projects,sign,1
Asana: organize team projects,login,1
Asana: organize team projects,g,1
Ascape VR: 360¬∞ Virtual Travel,great,1
Ascape VR: 360¬∞ Virtual Travel,app,1
Ascape VR: 360¬∞ Virtual Travel,lenghty,1
Ascape VR: 360¬∞ Virtual Travel,video,1
ASOS,different,2
ASOS,different,2
ASOS,lang,1
Asphalt 8: Airborne,game,1
Asphalt 8: Airborne,multi-player,1
Asphalt 8: Airborne,connecting,1
Asteroids 3D live wallpaper,friend,1
Asteroids 3D live wallpaper,.........,1
Asteroids 3D live wallpaper,bad,1
Asteroids 3D live wallpaper,nope,1
ASUS Calling Screen,call,1
ASUS Calling Screen,screen,1
ASUS Calling Screen,dark,1
ASUS Cover for ZenFone 2,Useful,1
ASUS Cover for ZenFone 2,responsive,1
ASUS Cover for ZenFone 2,nice,1
ASUS Cover for ZenFone 2,touch,1
ASUS Cover for ZenFone 2,phone,1
ASUS Quick Memo,sense,1
ASUS Sound Recorder,useful,1
ASUS Sound Recorder,easy,1
ASUS SuperNote,zf,1
ASUS SuperNote,max,1
"AT&T Navigator: Maps, Traffic",month,1
"AT&T Navigator: Maps, Traffic",thing,1
"AT&T Navigator: Maps, Traffic",map,1
AT&T Smart Wi-Fi,slow,1
AutoCAD - DWG Viewer & Editor,excel,1
AutoCAD - DWG Viewer & Editor,sheet,1
AutoScout24 Switzerland Ôø?Find your new car,Work,1
Avakin Life - 3D virtual world,decent,1
Avakin Life - 3D virtual world,amount,1
Avakin Life - 3D virtual world,game,1
Avakin Life - 3D virtual world,money,1
Avakin Life - 3D virtual world,begin,1
Avakin Life - 3D virtual world,se,1
"AVG Cleaner Ôø?Speed, Battery & Memory Booster",good,1
Aviary Effects: Classic,work,2
Aviary Effects: Classic,wont,1
Aviary Effects: Classic,work,2
Aviary Effects: Classic,ph,1
Aviary Stickers: Free Pack,different,1
Aviary Stickers: Free Pack,edit,1
Aviary Stickers: Free Pack,picture,1
Aviary Stickers: Free Pack,dumb,1
Azpen eReader,register,1
B612 - Beauty & Filter Camera,iz,1
B612 - Beauty & Filter Camera,install,1
B612 - Beauty & Filter Camera,cell,1
B612 - Beauty & Filter Camera,give,1
B612 - Beauty & Filter Camera,solution,1
B612 - Beauty & Filter Camera,giv,1
Babbel Ôø?Learn Languages,d,1
Babbel Ôø?Learn Spanish,great,1
BaBe - Baca Berita,news,2
BaBe - Baca Berita,recommendation,1
BaBe - Baca Berita,repetitive,1
BaBe - Baca Berita,news,2
BaBe Lite - Baca Berita Hemat Kuota,news,1
BaBe Lite - Baca Berita Hemat Kuota,good,1
Baby ABC in box! Kids alphabet games for toddlers!,many,1
Baby ABC in box! Kids alphabet games for toddlers!,different,1
Baby ABC in box! Kids alphabet games for toddlers!,shady,1
Baby Monitor,phone,1
Baby Name Together,country,1
Baby Name Together,majority,1
Baby Panda Care,YOLO,1
Baby Panda‚Äôs Juice Shop,interesting,1
Baby Panda‚Äôs Juice Shop,game,1
Baby puzzles,game,1
Baby puzzles,great,1
Baby puzzles,little,1
Baby Tiger Care - My Cute Virtual Pet Friend,nice,1
Baby Tiger Care - My Cute Virtual Pet Friend,game,1
"Baca- Berita Terbaru, Informasi, Gosip dan Politik",stupid,1
"Baca- Berita Terbaru, Informasi, Gosip dan Politik",phone,1
Backgrounds (HD Wallpapers),great,1
Backgrounds (HD Wallpapers),app,1
Backgrounds (HD Wallpapers),beat,1
BaconReader for Reddit,sound,1
BaconReader for Reddit,play,1
BaconReader for Reddit,v,1
Bad Piggies,game,1
Badoo - Free Chat & Dating App,Worthless,1
Bagan - Myanmar Keyboard,‚ù§‚ù§,1
Bagan - Myanmar Keyboard,convenient,1
Bagan - Myanmar Keyboard,t,1
Banco do Brasil,error,1
Banco do Brasil,image,1
Banco do Brasil,dis,1
Banco Ita√∫,pay,1
Bancomer m√≥vil,idea,1
Bancomer m√≥vil,mandatory,1
Bancomer m√≥vil,fa,1
Banfield Pet Health Tracker,perfect,1
Banfield Pet Health Tracker,hour,1
Banfield Pet Health Tracker,vis,1
Bangla Newspaper Ôø?Prothom Alo,app,1
Bangla Newspaper Ôø?Prothom Alo,much,1
Bangla Newspaper Ôø?Prothom Alo,annoying,1
Bangla Newspaper Ôø?Prothom Alo,best,1
Bangla Newspaper Ôø?Prothom Alo,newspap,1
Banjo,world,1
Banjo,nice,1
Banjo,way,1
Bank of America Mobile Banking,star,1
Bank of America Mobile Banking,online,1
Bank of America Mobile Banking,check,1
Bank of America Mobile Banking,deposit,1
Bank of America Mobile Banking,sav,1
BankMobile Vibe App,app,1
Banorte Movil,sensitive,1
Banorte Movil,transfer,1
Banorte Movil,o,1
Banque Populaire,bank,1
Barbie LifeÔø?,life,1
Barbie LifeÔø?,stop,1
Barbie LifeÔø?,save,1
Barbie LifeÔø?,picture,1
Barbie Magical Fashion,everything,1
Barbie Magical Fashion,mom,1
Barbie Magical Fashion,buy,1
BarbieÔø?Fashion Closet,b,1
Barclays US for Android,account,1
Barclays US for Android,number,1
Barclays US for Android,ssn,1
Barclays US for Android,dob,1
Barclays US for Android,everyti,1
Baritastic - Bariatric Tracker,helpful,1
Baritastic - Bariatric Tracker,weight,1
Baritastic - Bariatric Tracker,loss,1
Baritastic - Bariatric Tracker,track,1
Baseball Boy!,ad,1
Basketball FRVR - Shoot the Hoop and Slam Dunk!,Your,1
Basketball FRVR - Shoot the Hoop and Slam Dunk!,game,1
Basketball Stars,Your,1
Basketball Stars,game,1
Basketball Stars,cash,1
Bathroom Decorating Ideas,Waste,1
Bathroom Decorating Ideas,time,1
Battlelands Royale,addicting,1
Battlelands Royale,fun,1
Battlelands Royale,problem,1
Battlelands Royale,tight,1
BBC Media Player,Wow,1
BBC Media Player,star,1
BBC Media Player,review,1
BBC News,play,1
BBC News,p,1
BBC Sport,usable,1
BBC Sport,way,1
BBC Sport,watch,1
BBC Sport,football,1
BBC Sport,countr,1
BBVA Compass Banking,month,2
BBVA Compass Banking,month,2
BBVA Compass Banking,year,2
BBVA Compass Banking,year,2
BBVA Compass Banking,order,1
BBVA Compass Banking,e,1
BBVA Spain,Wonderful,1
BBW Dating & Curvy Singles Chat- LargeFriends,payi,1
BBW Dating & Plus Size Chat,anyone,1
BBW Dating & Plus Size Chat,picture,1
BBW Dating & Plus Size Chat,u,1
BBW Dating & Plus Size Chat,li,1
BBWCupid - BBW Dating App,majority,1
BBWCupid - BBW Dating App,m,1
Be A Legend: Soccer,funny,1
Be A Legend: Soccer,....,1
Be A Legend: Soccer,internet,1
Be A Legend: Soccer,lost,1
Beautiful Design Birthday Cake,nice,1
Beautiful Widgets Free,auto,1
Beautiful Widgets Free,alw,1
Beauty Camera - Selfie Camera,photo,1
Beauty Makeup Snappy Collage Photo Editor - Lidow,good,1
Beauty Makeup Snappy Collage Photo Editor - Lidow,sometim,1
BeautyPlus - Easy Photo Editor & Selfie Camera,lick,1
Bed Time Fan - White Noise Sleep Sounds,app,1
Bed Time Fan - White Noise Sleep Sounds,fan,1
BELONG Beating Cancer Together,useful,1
BELONG Beating Cancer Together,tool,1
BELONG Beating Cancer Together,app,1
BELONG Beating Cancer Together,great,1
BELONG Beating Cancer Together,source,1
BELONG Beating Cancer Together,help,1
BeSoccer - Soccer Live Score,Useful,1
BEST CAR SOUNDS,nice,1
BEST CAR SOUNDS,real,1
BEST CAR SOUNDS,reply,1
BEST CAR SOUNDS,plz,1
BEST CAR SOUNDS,u,1
BEST CAR SOUNDS,p,1
Best Fiends - Free Puzzle Game,Everyone,1
Best Fiends - Free Puzzle Game,relaxing,1
Best Fiends - Free Puzzle Game,fun,1
Best Fiends - Free Puzzle Game,ente,1
Best Ovulation Tracker Fertility Calendar App Glow,great,1
Best Ovulation Tracker Fertility Calendar App Glow,calendar,1
Best Ovulation Tracker Fertility Calendar App Glow,period,1
Best Ovulation Tracker Fertility Calendar App Glow,o,1
"Best Wallpapers Backgrounds(100,000+ 4K HD)",super,1
"Best Wallpapers Backgrounds(100,000+ 4K HD)",cool,1
BetterMe: Weight Loss Workouts,refund,1
BetterMe: Weight Loss Workouts,month,1
BetterMe: Weight Loss Workouts,e,1
BeWild Free Dating & Chat App,app,1
BeWild Free Dating & Chat App,registration,1
BeWild Free Dating & Chat App,proce,1
BEYBLADE BURST app,able,1
BEYBLADE BURST app,control,1
BEYBLADE BURST app,movement,1
BEYBLADE BURST app,joyst,1
BeyondMenu Food Delivery,great,1
BeyondMenu Food Delivery,integration,1
BeyondPod Podcast Manager,favorite,1
BeyondPod Podcast Manager,unlock,1
Bible,great,1
Bible,Bible,1
Bible,tool,1
Big Days - Events Countdown,Wish,1
Big Days - Events Countdown,favorite,1
Big Days - Events Countdown,countdown,1
BIG Launcher,list,1
BIG Launcher,....,1
"BiggerCity: Chat for gay bears, chubs & chasers",sign,1
"BiggerCity: Chat for gay bears, chubs & chasers",notification,1
"BiggerCity: Chat for gay bears, chubs & chasers",code,1
"BiggerCity: Chat for gay bears, chubs & chasers",l,1
"BigOven Recipes, Meal Planner, Grocery List & More",interface,1
"BigOven Recipes, Meal Planner, Grocery List & More",slow,1
Bike Computer - GPS Cycling Tracker,program,1
Bike Computer - GPS Cycling Tracker,sum,1
Binaural Beats Meditation,good,1
Binaural Beats Meditation,health,1
Binaural Beats Therapy,option,1
Binaural Beats Therapy,app,1
Binaural Beats Therapy,stay,1
BioLife Plasma Services,great,1
Birdays Ôø?Birthday reminder,smartphone,1
Birdays Ôø?Birthday reminder,applica,1
Birds Sounds Ringtones & Wallpapers,Wrong,1
Black People Meet Singles Date,create,1
Black People Meet Singles Date,account,1
Black People Meet Singles Date,password,1
BLK - Swipe. Match. Chat.,HARD,1
Block Puzzle,rating,1
Block Puzzle,well,1
Block Puzzle,Constant,1
Block Puzzle,request,1
Block Puzzle,ra,1
Block Puzzle Classic Legend !,play,1
Block Puzzle Classic Legend !,game,1
Blogaway for Android (Blogger),app,1
Blogaway for Android (Blogger),easy,1
Blogaway for Android (Blogger),update,1
Blogaway for Android (Blogger),blog,1
Blogger,old,1
Blogger,m,1
Blood Donor,appt,1
Blood Donor,none,1
Blood Donor,ava,1
Blood Pressure,application,1
Blood Pressure,Never,1
Blood Pressure Log - MyDiary,easy,1
Blood Pressure Log - MyDiary,read,1
Blood Pressure Log - MyDiary,navigate,1
Blood Pressure(BP) Diary,access,1
Blood Pressure(BP) Diary,similar,1
Bloomberg: Market & Financial News,gear,1
Bloomberg: Market & Financial News,watch,1
Bloomberg: Market & Financial News,list,1
Blossom Blast Saga,Yuccckkkk,1
Blossom Blast Saga,first,1
Blossom Blast Saga,updated,1
Blossom Blast Saga,cz,1
Blur Image Background,bad,1
Blur Image Background Editor (Blur Photo Editor),app,1
BluTV,aspect,1
BluTV,ratio,1
BluTV,latest,1
Booking.com Travel Deals,good,1
Booking.com Travel Deals,confirm,1
Bowmasters,cant,1
Bowmasters,friend,1
Bowmasters,start,1
Bowmasters,game,1
Boxed Wholesale,order,1
Boxed Wholesale,blame,1
Boys Photo Editor - Six Pack & Men's Suit,photo,1
Boys Photo Editor - Six Pack & Men's Suit,editor,1
Boys Photo Editor - Six Pack & Men's Suit,good,1
Brain Waves - Binaural Beats,great,1
Brain Waves - Binaural Beats,crash,1
Brain Waves - Binaural Beats,time,1
Brain Waves - Binaural Beats,medit,1
Branch,sh,1
Brasileir√£o Pro 2018 - S√©rie A e B,option,1
"Breaking News, Local news, Attacks and Alerts Free",joke,1
"Breaking News, Local news, Attacks and Alerts Free",access,1
"Breaking News, Local news, Attacks and Alerts Free",location,1
Brightest Flashlight Free ¬Æ,best,1
Brightest Flashlight Free ¬Æ,flashlight,1
Brightest Flashlight Free ¬Æ,town,1
Brightest Flashlight Free ¬Æ,brig,1
Brightest LED Flashlight,cover,1
Brightest LED Flashlight,program,1
Brilliant,time,1
Brit + Co,favourite,1
Brit + Co,content,1
British Airways,til,1
British Airways,month,1
British Airways,best,1
British Airways,thing,1
British Airways,book,1
British Airways,flig,1
Browser 4G,useful,1
Browser 4G,everything,1
Browser 4G,perfect,1
Bubble Shooter,good,1
Bubble Shooter 2,upset,1
Bubble Shooter Genies,amazing,1
Bubble Shooter Genies,game,1
Bubble Shooter Genies,good,1
Bubble Shooter Genies,way,1
Bubble Shooter Genies,relax,1
Bubble Witch 3 Saga,YouTube,1
Bubble Witch 3 Saga,order,1
Bubble Witch 3 Saga,play,1
Bubble Witch 3 Saga,sudden,1
Bukalapak - Jual Beli Online,chat,1
Bukalapak - Jual Beli Online,feature,1
Bukalapak - Jual Beli Online,buyer,1
BukuBayi - Perkembangan Bayi,helpful,1
BukuBayi - Perkembangan Bayi,wife,1
Burner - Free Phone Number,first,1
Burner - Free Phone Number,time,1
Buscap√© - Ofertas e descontos,good,1
Business Calendar 2,buying,1
Business Calendar 2,part,1
Buzz Launcher-Smart&Free Theme,uninstall,1
Buzz Launcher-Smart&Free Theme,launcher,1
"BuzzFeed: News, Tasty, Quizzes",wi,1
"BuzzFeed: News, Tasty, Quizzes",fi,1
"BuzzFeed: News, Tasty, Quizzes",network,1
BZWBK24 mobile,site,2
BZWBK24 mobile,only,1
BZWBK24 mobile,banking,1
BZWBK24 mobile,site,2
BZWBK24 mobile,w,1
"B√ÅO M·ªöI - ƒê·ªçc B√°o, Tin T·ª©c 24h",management,1
C Programming,great,1
C Programming,useful,1
C++ Programming,Worthless,1
C++ Tutorials,Yes,1
Caf - Mon Compte,practical,1
Caf - Mon Compte,graphic,1
"Calculator - free calculator, multi calculator app",phone,1
"Calculator - free calculator, multi calculator app",sleeping,1
Calculator - unit converter,great,1
Calculator - unit converter,calculator,1
Calculator - unit converter,different,1
Calculator - unit converter,num,1
Calculator Plus Free,long,1
Calculator Plus Free,time,1
Calculator Plus Free,da,1
Calculator with Percent (Free),nice,1
Calculator with Percent (Free),app,1
Calculator with Percent (Free),least,1
CALCUÔø?Stylish Calculator Free,button,1
CALCUÔø?Stylish Calculator Free,theme,1
CALCUÔø?Stylish Calculator Free,change,1
CALCUÔø?Stylish Calculator Free,provi,1
Calendar Widget Month + Agenda,problem,1
Calendar+ Schedule Planner App,Updated,1
Calendar+ Schedule Planner App,app,1
Call Blocker,able,1
Call Blocker,block,1
Call Control - Call Blocker,pick,1
Call Control - Call Blocker,up/,1
Call Control - Call Blocker,option,1
Call Control - Call Blocker,unwante,1
Call of Duty:Black Ops Zombies,able,1
Call of Duty:Black Ops Zombies,co-op,1
Call of Duty:Black Ops Zombies,hard,1
Call of Duty:Black Ops Zombies,f,1
"CallApp: Caller ID, Blocker & Phone Call Recorder",Sh,1
Caller ID +,scam,1
Calls Blacklist - Call Blocker,tin,1
Calls Blacklist - Call Blocker,curate,1
Calls Blacklist - Call Blocker,block,1
Calls Blacklist - Call Blocker,list,1
"Calm - Meditate""",Sleep,1
"Calm - Meditate, Sleep, Relax",worked,1
"Calm - Meditate, Sleep, Relax",fine,1
"Calm - Meditate, Sleep, Relax",subscription,1
"Calm - Meditate, Sleep, Relax",fee,1
Calorie Counter - EasyFit free,good,1
Calorie Counter - EasyFit free,exercise,1
Calorie Counter - EasyFit free,counting,1
Calorie Counter - EasyFit free,calor,1
Calorie Counter - Macros,great,1
Calorie Counter - MyNetDiary,Easy,1
Calorie Counter - MyNetDiary,keep,1
Calorie Counter - MyNetDiary,track,1
Calorie Counter - MyNetDiary,diet,1
Calorie Counter - MyNetDiary,plan,1
Cameringo Lite. Filters Camera,Useful,1
Cameringo Lite. Filters Camera,Ôø,1
Candy Bomb,many,1
Candy Bomb,ad,4
Candy Bomb,game,1
Candy Bomb,ad,4
Candy Bomb,play,1
Candy Bomb,ad,4
Candy Bomb,ad,4
"Candy Camera - selfie, beauty camera, photo editor",aap,2
"Candy Camera - selfie, beauty camera, photo editor",awasome,1
"Candy Camera - selfie, beauty camera, photo editor",everyone,1
"Candy Camera - selfie, beauty camera, photo editor",aap,2
Candy Crush Jelly Saga,impossible,1
Candy Crush Jelly Saga,beat,1
Candy Crush Jelly Saga,pay,1
Candy Crush Jelly Saga,get,1
Candy Crush Saga,new,1
Candy Crush Saga,update,1
Candy Crush Saga,booster,1
Candy Crush Saga,gam,1
Candy Crush Soda Saga,hard,1
Candy Crush Soda Saga,pass,1
Candy Crush Soda Saga,game,1
Candy Day,game,1
Candy Pop Story,keep,1
"Canva: Poster, banner, card maker & graphic design",cool,1
"Canva: Poster, banner, card maker & graphic design",easy,1
"Canva: Poster, banner, card maker & graphic design",use.Just,1
Canvas Student,load,1
Canvas Student,material,1
Cat Sim Online: Play with Cats,game,1
CATS: Crash Arena Turbo Stars,Ôø,1
CATS: Crash Arena Turbo Stars,fun,1
CATS: Crash Arena Turbo Stars,part,1
CATS: Crash Arena Turbo Stars,fight,1
CATS: Crash Arena Turbo Stars,pl,1
Caviar - Food Delivery,order,1
Caviar - Food Delivery,wrong,1
Caviar - Food Delivery,ad,1
CBS News,feature,1
CBS News,yesterday,1
CBS News,news,1
"CBS Sports App - Scores, News, Stats & Watch Live",best,1
"CBS Sports App - Scores, News, Stats & Watch Live",apps,1
"CBS Sports App - Scores, News, Stats & Watch Live",app,1
CBS Sports Fantasy,join,1
CDL Practice Test 2018 Edition,informative,1
CDL Practice Test 2018 Edition,helpful,1
CDL Practice Test 2018 Edition,useful,1
CDL Practice Test 2018 Edition,take,1
CDL Practice Test 2018 Edition,CDL,1
Chakra Cleansing,good,1
Chakra Cleansing,heart,1
Chakra Cleansing,body,1
Chakra Cleansing,work,1
Championat,flaw,1
Chase Mobile,feature,1
Chase Mobile,implementation,1
"Chat Rooms, Avatars, Date - Galaxy",free,1
"Chat Rooms, Avatars, Date - Galaxy",Ya,1
"Chat Rooms, Avatars, Date - Galaxy",pay,1
"Chat Rooms, Avatars, Date - Galaxy",stuff,1
ChatVideo Meet new people,app,1
ChatVideo Meet new people,private,1
Cheap Flights & Hotels momondo,UPDATE,1
Cheap Flights & Hotels momondo,please,1
Cheap Flights & Hotels momondo,ability,1
Cheap Flights & Hotels momondo,save,1
Cheap hotel deals and discounts Ôø?Hotellook,date,1
Cheapflights Ôø?Flight Search,nice,1
"CheapTickets Ôø?Hotels, Flights & Travel Deals",simple,1
"CheapTickets Ôø?Hotels, Flights & Travel Deals",use,1
"CheapTickets Ôø?Hotels, Flights & Travel Deals",smart,1
"CheapTickets Ôø?Hotels, Flights & Travel Deals",thing,1
Checkers ‚úîÔ∏è,Whoaaa,1
Checkout 51: Grocery coupons,live,1
Checkout 51: Grocery coupons,barcode,1
Checkout 51: Grocery coupons,scanner,1
Checkout 51: Grocery coupons,w,1
CheckPoints üèÜ Rewards App,useless,1
Choice Hotels,low,1
Choice Hotels,membership,1
Choices: Stories You Play,pay,1
Christian Dating For Free App,search,1
Christian Dating For Free App,engine,1
Christian Dating For Free App,site,1
Christian Dating For Free App,active,1
Christian Dating For Free App,faci,1
Chrome Dev,¬ªTOO,1
Chrome Dev,Ôø,1
Chrome Dev,MANY,1
Cinemark Theatres,work,1
Cinemark Theatres,let,1
Cinemark Theatres,sorry,1
Cinemark Theatres,somethi,1
Cisco Webex Meetings,open,1
Cisco Webex Teams,ability,1
Cisco Webex Teams,message,1
Citi Mobile¬Æ,easy,1
Citi Mobile¬Æ,use,1
Citi Mobile¬Æ,great,1
Citi Mobile¬Æ,layout,1
Citi Mobile¬Æ,big,1
Citi Mobile¬Æ,problem,1
Citi Mobile¬Æ,ke,1
Citibanamex Movil,good,2
Citibanamex Movil,app,1
Citibanamex Movil,good,2
Citibanamex Movil,new,1
Citibanamex Movil,functionality,1
Citizens Bank Mobile Banking,banking,1
Citizens Bank Mobile Banking,world,1
Citizens Bank Mobile Banking,inep,1
CityMaps2Go Plan Trips Travel Guide Offline Maps,pro,1
CityMaps2Go Plan Trips Travel Guide Offline Maps,hash,1
CityMaps2Go Plan Trips Travel Guide Offline Maps,old,1
CityMaps2Go Plan Trips Travel Guide Offline Maps,phone,1
Claro,choice,1
Claro,phone,1
Clash of Clans,game,1
Clash of Clans,support,1
Clash of Clans,anyone,1
Clash of Clans,supercell,1
Clash of Clans,id,1
Clash of Clans,tak,1
Clash Royale,fix,1
Clash Royale,glitching,1
"CM Browser - Ad Blocker , Fast Download , Privacy",worst,1
"CM Browser - Ad Blocker , Fast Download , Privacy",app,1
"CM Browser - Ad Blocker , Fast Download , Privacy",open,1
"CM Browser - Ad Blocker , Fast Download , Privacy",link,1
"CM Browser - Ad Blocker , Fast Download , Privacy",i,1
"CM Browser - Ad Blocker , Fast Download , Privacy",day,1
"CM Flashlight (Compass, SOS)",Simple,1
"CM Flashlight (Compass, SOS)",useful,1
CM Locker - Security Lockscreen,anyone,1
CMB Free Dating App,match,1
CNN Breaking US & World News,option,1
CNN Breaking US & World News,watch,1
CNN Breaking US & World News,news,1
CNN Breaking US & World News,s,1
Color by Number - Draw Sandbox Pixel Art,great,1
Color by Number Ôø?New Coloring Book,relaxing,1
Color by Number Ôø?New Coloring Book,addictive,1
Color by Number Ôø?New Coloring Book,new,1
Color by Number Ôø?New Coloring Book,picture,1
Color Flashlight,good,1
Color Flashlight,app,1
Color Flashlight,many,1
Color Flashlight,emergency,1
Color Flashlight,position,1
Color Road,colours,1
Color Road,different,1
Color Road,slightest,1
Color Road,bit,1
Color Touch Effects,ver,1
Color Touch Effects,nice,1
ColorFil - Adult Coloring Book,game,2
ColorFil - Adult Coloring Book,enjoy,1
ColorFil - Adult Coloring Book,self,1
ColorFil - Adult Coloring Book,game,2
ColorFil - Adult Coloring Book,guy,1
Colorfit - Drawing & Coloring,show,1
Colorfit - Drawing & Coloring,color,1
Colorfit - Drawing & Coloring,player,1
Colorfit - Drawing & Coloring,p,1
Colorful Glitter Neon Butterfly Keyboard Theme,yum,1
Colorful Glitter Neon Butterfly Keyboard Theme,pulip,1
Colorful Glitter Neon Butterfly Keyboard Theme,pettiMinde,1
Colorful Glitter Neon Butterfly Keyboard Theme,langkodakala,1
Colorfy: Coloring Book for Adults - Free,stuff,1
Colorfy: Coloring Book for Adults - Free,horrible,1
Colorfy: Coloring Book for Adults - Free,install,1
Colorfy: Coloring Book for Adults - Free,please,1
Coloring book moana,many,1
ColorNote Notepad Notes,great,1
ColorNote Notepad Notes,everything,1
ColorSnap¬Æ Visualizer,Yay,1
Common Core,special,1
Common Core,disappointment,1
Common Core,Time,1
ConnectLine,control,1
ConnectLine,issue,1
Contacts,delete,1
Contacts,impo,1
Contacts+,view,1
Contacts+,case,1
Content Transfer,everything,1
ConvertPad - Unit Converter,useful,1
ConvertPad - Unit Converter,little,1
ConvertPad - Unit Converter,old,1
ConvertPad - Unit Converter,schoo,1
Cookbook Recipes,Wonderful,1
Cookbook Recipes,App,1
Cooking Channel,full,1
Cooking Fever,progress,1
Cooking Madness - A Chef's Restaurant Games,extra,1
Cooking Madness - A Chef's Restaurant Games,time,1
Cooking Madness - A Chef's Restaurant Games,complete,1
Cooking Madness - A Chef's Restaurant Games,lev,1
COOKING MAMA Let's Cook!,fantastic,1
Cookpad,search,1
Cookpad,bar,1
Cool Popular Ringtones 2018 üî•,want,1
Cool Reader,random,1
Couch to 10K Running Trainer,week,1
Couchsurfing Travel App,Wonderful,1
Couchsurfing Travel App,little,1
Couchsurfing Travel App,buggy,1
Cougar Dating Life : Date Older Women Sugar Mummy,subscription,1
Couple - Relationship App,ui,1
Couple - Relationship App,update,1
Couple - Relationship App,date,1
Couple - Relationship App,corr,1
Credit Karma,credit,1
Credit Karma,card,1
Credit Karma,horrible,1
Credit Karma,quick,1
Credit Karma,put,1
Credit Sesame,file,1
Credit Sesame,karma,1
CreditWise from Capital One,really.,1
Crew - Free Messaging and Scheduling,helpful,1
Crew - Free Messaging and Scheduling,way,1
Crew - Free Messaging and Scheduling,touch,1
Crew - Free Messaging and Scheduling,share,1
Cricbuzz - Live Cricket Scores & News,%,1
Cricket Visual Voicemail,work,1
Cricket Visual Voicemail,several,1
Crunchyroll - Everything Anime,Yea,1
Crunchyroll - Everything Anime,premium,1
Crunchyroll - Everything Anime,membership,1
Crunchyroll - Everything Anime,phone,1
Crunchyroll - Everything Anime,ps4,1
Crunchyroll - Everything Anime,work,1
Current debit card and app made for teens,great,1
Current debit card and app made for teens,family,1
Curriculum vitae App CV Builder Free Resume Maker,good,1
Curriculum vitae App CV Builder Free Resume Maker,easy,1
Curso de Ingles Gratis,hood,1
Curso de Ingles Gratis,app,1
Curso de Ingles Gratis,..,1
Cut the Rope 2,hour,1
Cut the Rope 2,minut,1
Cut the Rope FULL FREE,game,1
Cut the Rope FULL FREE,much,1
Cut the Rope FULL FREE,challen,1
CVS Caremark,blue,1
CVS Caremark,harder,1
CVS Caremark,find,1
CW Seed,good,1
CW Seed,day,1
Cycling - Bike Tracker,great,1
Cycling - Bike Tracker,atttttt,1
"Cymera Camera- Photo Editor, Filter,Collage,Layout",Yc,1
Czech Public Transport IDOS,useful,1
Czech Public Transport IDOS,app,1
Czech Public Transport IDOS,country,1
Czech Public Transport IDOS,easy,1
Daily Workouts - Exercise Fitness Routine Trainer,great,1
Daily Yoga - Yoga Fitness Plans,greedy,1
Daily Yoga - Yoga Fitness Plans,company,1
Daily Yoga - Yoga Fitness Plans,silver,1
"Dailyhunt (Newshunt) - Latest News, Viral Videos",professional,1
"Dailyhunt (Newshunt) - Latest News, Viral Videos",news,1
"Dailyhunt (Newshunt) - Latest News, Viral Videos",remo,1
Dairy Queen,local,1
Dairy Queen,sure,1
Dairy Queen,capability,1
Dairy Queen,sc,1
Daniel Tiger for Parents,app,1
Daniel Tiger for Parents,thoughtful,1
DashClock Widget,Most,1
DashClock Widget,functional,1
DashClock Widget,integration,1
DashClock Widget,appea,1
Dashlane Free Password Manager,junk,1
Dashlane Free Password Manager,email,1
Dashlane Free Password Manager,company,1
Dashlane Free Password Manager,usi,1
"Dating App, Flirt & Chat : W-Match",good,1
Dating for 50 plus Mature Singles Ôø?FINALLY,good,1
Daum Mail - Îã§Ïùå Î©îÏùº,best,1
Daum Mail - Îã§Ïùå Î©îÏùº,mail,1
Daum Mail - Îã§Ïùå Î©îÏùº,app,1
Daum Mail - Îã§Ïùå Î©îÏùº,clean,1
Daum Mail - Îã§Ïùå Î©îÏùº,minimal,1
Daum Mail - Îã§Ïùå Î©îÏùº,ui,1
Daum Mail - Îã§Ïùå Î©îÏùº,use,1
Davis's Drug Guide,year,1
Davis's Drug Guide,subscription,1
Davis's Drug Guide,book,1
Davis's Drug Guide,spe,1
Davis's Drug Guide for Nurses,efficient,1
Davis's Drug Guide for Nurses,clear,1
DC Comics,subscription,1
DC Comics,service,1
DC Comics,Comixolog,1
DC Super Hero GirlsÔø?,great,1
"DC Super Hero GirlsÔø?""I like DC Superhero Girls powerful boys",cartoon,1
"DC Super Hero GirlsÔø?""I like DC Superhero Girls powerful boys",look,1
DEAD TARGET: FPS Zombie Apocalypse Survival Games,fine,1
DEAD TARGET: FPS Zombie Apocalypse Survival Games,best,1
DEAD TARGET: FPS Zombie Apocalypse Survival Games,game,1
Debonairs Pizza,option,1
Debonairs Pizza,cancel,1
Debonairs Pizza,time,1
Debonairs Pizza,frame,1
DEER HUNTER 2018,movement,1
DEER HUNTER 2018,scope,1
DEER HUNTER 2018,mode,1
DEER HUNTER 2018,slow,1
DEER HUNTER 2018,thank,1
DELISH KITCHEN - ÁÑ°Êñô„É¨„Ç∑„ÉîÂãïÁîª„ÅßÊñôÁêÜ„ÇíÊ•Ω„Åó„Åè„ÉªÁ∞°Âçò„Å´Ôø?,plenty,1
DELISH KITCHEN - ÁÑ°Êñô„É¨„Ç∑„ÉîÂãïÁîª„ÅßÊñôÁêÜ„ÇíÊ•Ω„Åó„Åè„ÉªÁ∞°Âçò„Å´Ôø?,innovative,1
DELISH KITCHEN - ÁÑ°Êñô„É¨„Ç∑„ÉîÂãïÁîª„ÅßÊñôÁêÜ„ÇíÊ•Ω„Åó„Åè„ÉªÁ∞°Âçò„Å´Ôø?,everyda,1
"DELISH KITCHEN - ÁÑ°Êñô„É¨„Ç∑„ÉîÂãïÁîª„ÅßÊñôÁêÜ„ÇíÊ•Ω„Åó„Åè„ÉªÁ∞°Âçò„Å´Ôø?""Easy follow",quick,1
"DELISH KITCHEN - ÁÑ°Êñô„É¨„Ç∑„ÉîÂãïÁîª„ÅßÊñôÁêÜ„ÇíÊ•Ω„Åó„Åè„ÉªÁ∞°Âçò„Å´Ôø?""Easy follow",make,1
"DELISH KITCHEN - ÁÑ°Êñô„É¨„Ç∑„ÉîÂãïÁîª„ÅßÊñôÁêÜ„ÇíÊ•Ω„Åó„Åè„ÉªÁ∞°Âçò„Å´Ôø?""Everything looks delicious",Ju,1
"DELISH KITCHEN - ÁÑ°Êñô„É¨„Ç∑„ÉîÂãïÁîª„ÅßÊñôÁêÜ„ÇíÊ•Ω„Åó„Åè„ÉªÁ∞°Âçò„Å´Ôø?""thanks to the delishkitchen recipes",Japanese,1
"DELISH KITCHEN - ÁÑ°Êñô„É¨„Ç∑„ÉîÂãïÁîª„ÅßÊñôÁêÜ„ÇíÊ•Ω„Åó„Åè„ÉªÁ∞°Âçò„Å´Ôø?""thanks to the delishkitchen recipes",cuisine,1
"DELISH KITCHEN - ÁÑ°Êñô„É¨„Ç∑„ÉîÂãïÁîª„ÅßÊñôÁêÜ„ÇíÊ•Ω„Åó„Åè„ÉªÁ∞°Âçò„Å´Ôø?""thanks to the delishkitchen recipes",help,1
"Delivery Club‚Äì–î–æ—Å—Ç–∞–≤–∫ÔøΩ?–µ–¥—ã:–ø–∏—Ü—Ü–∞,—Å—É—à–∏,–±—É—Ä–≥–µ—Ä,—Å–∞–ª–∞—Ç",english,1
"Delivery Club‚Äì–î–æ—Å—Ç–∞–≤–∫ÔøΩ?–µ–¥—ã:–ø–∏—Ü—Ü–∞,—Å—É—à–∏,–±—É—Ä–≥–µ—Ä,—Å–∞–ª–∞—Ç",version,1
"Delivery Club‚Äì–î–æ—Å—Ç–∞–≤–∫ÔøΩ?–µ–¥—ã:–ø–∏—Ü—Ü–∞,—Å—É—à–∏,–±—É—Ä–≥–µ—Ä,—Å–∞–ª–∞—Ç",name,1
Delta Dental,anything,1
Delta Dental,ad,1
Despegar.com Hoteles y Vuelos,fligh,1
Detector de Radares Gratis,careful,1
Detector de Radares Gratis,subscribe,1
Detector de Radares Gratis,cost,1
Detector de Radares Gratis,withou,1
Device Help,useful,1
Device Help,st,1
Diabetes & Diet Tracker,sugar,1
Diabetes & Diet Tracker,net,1
Diabetes & Diet Tracker,carbs,1
Diabetes:M,glucose,1
Diamond Zipper Lock Screen,thing,1
Diary with lock,nice,1
Diary with lock,app.Easy,1
Diary with lock,use,1
Diary with lock,great,1
Diary with lock,concept,1
Diary with lock password,diary,1
Dictionary - Merriam-Webster,feature,1
Dictionary - Merriam-Webster,today,1
Dictionary - Merriam-Webster,u,1
Die TK-App Ôø?alles im Griff,Saved,1
Die TK-App Ôø?alles im Griff,time,1
Die TK-App Ôø?alles im Griff,effort,1
Digg,unusable,1
Digg,interface,1
Digg,lo,1
DigiCal Calendar Agenda,awesome,1
DigiCal Calendar Agenda,update,1
Digit Save Money Automatically,hassle,1
Digital Alarm Clock,alarm,1
Digital Alarm Clock,work,1
Digital Alarm Clock,fine,1
Digital Alarm Clock,clock,1
Dil Mil,¬π,1
Dil Mil,new,1
Dil Mil,profile,1
Dil Mil,picture,1
Dil Mil,meet,1
DINO HUNTER: DEADLY SHORES,WOW,1
DINO HUNTER: DEADLY SHORES,awesome,1
DINO HUNTER: DEADLY SHORES,game,1
DINO HUNTER: DEADLY SHORES,edge,1
DINO HUNTER: DEADLY SHORES,seat,1
Discover Mobile,hit,1
Discover Mobile,messaging,1
Disney Heroes: Battle Mode,i,1
Disney Heroes: Battle Mode,game,1
Disney Magic Kingdoms: Build Your Own Magical Park,u,1
Disney Magic Kingdoms: Build Your Own Magical Park,make,1
Disney Magic Kingdoms: Build Your Own Magical Park,nice,1
Disney Magic Kingdoms: Build Your Own Magical Park,game,1
Disney Magic Kingdoms: Build Your Own Magical Park,difficult,1
Disney Magic Kingdoms: Build Your Own Magical Park,many,1
Disney Magic Kingdoms: Build Your Own Magical Park,ppl,1
DisneyNOW Ôø?TV Shows & Games,cast,1
DisneyNOW Ôø?TV Shows & Games,show,1
DisneyNOW Ôø?TV Shows & Games,tv,1
Divar,wall,1
Divar,app,1
Divar,n,1
DIY Garden Ideas,interesting,1
DIY On A Budget,app,1
DIY On A Budget,alot,1
DMV Permit Practice Test 2018 Edition,useful,1
DMV Permit Practice Test 2018 Edition,unlock,1
DMV Permit Practice Test 2018 Edition,different,1
Do It Later: Tasks & To-Dos,task,1
Doctor On Demand,p,1
Doctor Pets,game,2
Doctor Pets,game,2
Dog Licks Screen Wallpaper,Zedge,1
Dog Run - Pet Dog Simulator,game,1
Dog Run - Pet Dog Simulator,gift,1
Dog Run - Pet Dog Simulator,box,1
Dog Run - Pet Dog Simulator,intresting,1
Dog Sim Online: Raise a Family,game,1
Dog Sim Online: Raise a Family,u,1
Dog Sim Online: Raise a Family,little,1
Dog Sim Online: Raise a Family,kid,1
Dominos Game ‚úîÔ∏è,full,1
Domino's Pizza USA,arrival,1
Domino's Pizza USA,creation,1
Domino's Pizza USA,status,1
"Domofond –ù–µ–¥–≤–∏–∂–∏–º–æ—Å—Ç—å. –ö—É–ø–∏—Ç—å, —Å–Ω—è—Ç—å –∫–≤–∞—Ä—Ç–∏—Ä—É.",helpful,1
"Domofond –ù–µ–¥–≤–∏–∂–∏–º–æ—Å—Ç—å. –ö—É–ø–∏—Ç—å, —Å–Ω—è—Ç—å –∫–≤–∞—Ä—Ç–∏—Ä—É.",apartment,1
"Domofond –ù–µ–¥–≤–∏–∂–∏–º–æ—Å—Ç—å. –ö—É–ø–∏—Ç—å, —Å–Ω—è—Ç—å –∫–≤–∞—Ä—Ç–∏—Ä—É.",develope,1
Door Lock Screen,Wonderful,1
Door Lock Screen,app,1
DoorDash - Food Delivery,delivery,1
DoorDash - Food Delivery,apps,1
DoorDash - Food Delivery,awful,1
DoorDash - Food Delivery,....,1
Dosecast - Medication Reminder,consistent,1
Dosecast - Medication Reminder,s,1
Down Dog: Great Yoga Anywhere,great,1
Down Dog: Great Yoga Anywhere,cl,1
Dr. Oetker Rezeptideen,Wonderful,1
Dr. Oetker Rezeptideen,application,1
Dr. Oetker Rezeptideen,good,1
Dr. Oetker Rezeptideen,cooking,1
Dr. Panda & Toto's Treehouse,open,2
Dr. Panda & Toto's Treehouse,open,2
Dr. Panda Town: Vacation,dr,1
Dr. Panda Town: Vacation,panda,1
Dr. Panda Town: Vacation,town,1
Dr. Panda Town: Vacation,many,1
Dr. Panda Town: Vacation,thing,1
DraftKings - Daily Fantasy Sports,ask,1
DRAGON BALL LEGENDS,great,1
DRAGON BALL LEGENDS,game,1
DRAGON BALL LEGENDS,crash,1
DRAGON BALL LEGENDS,much,1
Dragon Hills,game,1
Dragon Hills,good,1
Draw A Stickman,game,1
Draw A Stickman,prototype,1
Draw A Stickman,draw,1
Draw A Stickman,stick,1
Draw A Stickman,man,1
Draw A Stickman,epic,1
Draw a Stickman: EPIC 2,good,1
Draw a Stickman: EPIC 2,stick,1
Draw a Stickman: EPIC 2,man,1
Draw a Stickman: EPIC 2,game,1
Draw a Stickman: EPIC 2,offense,1
Draw a Stickman: EPIC 2,usuall,1
Draw In,Addictive,1
Draw In,game,1
Draw In,first,1
Draw In,fun,1
Draw In,get,1
Draw Your Game,stupid,1
Draw Your Game,part,1
Drawing for Kids Learning Games for Toddlers age 3,daughter,1
Drawing for Kids Learning Games for Toddlers age 3,draw,1
Drawing for Kids Learning Games for Toddlers age 3,easy,1
Drawing for Kids Learning Games for Toddlers age 3,follow,1
Drawing for Kids Learning Games for Toddlers age 3,guide,1
Drawing for Kids Learning Games for Toddlers age 3,lin,1
Dream League Soccer 2018,whenever,1
Dream League Soccer 2018,game,1
Dream League Soccer 2018,match,1
DreamTrips,Wish,1
DreamTrips,search,1
DreamTrips,solid,1
DreamTrips,platform,1
DreamTrips,boo,1
DreamWorks Friends,close,1
DreamWorks Friends,money,1
Droid Zap by Motorola,YOU,1
Droid Zap by Motorola,A,1
DroidAdmin for Android - Advice,star,1
Dropbox,work,1
Drugs.com Medication Guide,look,1
Drugs.com Medication Guide,pill,1
Drugs.com Medication Guide,reminder,1
Drugs.com Medication Guide,app,1
DStv Now,smart,1
DStv Now,tv,1
DStv Now,upgra,1
DU Browser‚ÄîBrowse fast & fun,great,1
DU Browser‚ÄîBrowse fast & fun,big,1
DU Browser‚ÄîBrowse fast & fun,issue,1
"DU Recorder Ôø?Screen Recorder, Video Editor, Live",someone,1
Dude Perfect 2,everything,1
Dumb Ways to Die 2: The Games,good,1
Dumb Ways to Die 2: The Games,game,1
Dungeon Hunter Champions: Epic Online Action RPG,way,1
Dungeon Hunter Champions: Epic Online Action RPG,boring,1
Dungeon Hunter Champions: Epic Online Action RPG,war,1
Dunkin' Donuts,old,1
Dunkin' Donuts,format,2
Dunkin' Donuts,new,1
Dunkin' Donuts,format,2
Dunkin' Donuts,drive,1
DuraSpeed,mad,1
DuraSpeed,%,1
DuraSpeed,actual,1
DuraSpeed,volu,1
E*TRADE Mobile,company,1
E*TRADE Mobile,account,1
"Easy - taxi, car, ridesharing",integration,1
"Easy - taxi, car, ridesharing",credit,1
Easy Hair Style Design,nice,1
Easy Healthy Recipes,khan,1
Easy Makeup Tutorials,cat,1
Easy Origami Ideas,‚òÜ‚òÜ‚òÜ‚òÜ‚ô°To,1
Easy Origami Ideas,good,1
Easy Origami Ideas,guy,1
Easy Origami Ideas,game,1
Easy Recipes,tummy,1
Easy Voice Recorder,Wish,1
Easy Voice Recorder,loader,1
Easy Voice Recorder,clearer,1
Easy Voice Recorder,much,1
Easy Voice Recorder,background,1
Easy Voice Recorder,music,1
EasyBib: Citation Generator,let,1
EasyBib: Citation Generator,email,1
Eat Fit - Diet and Health Free,i,1
Eat Fit - Diet and Health Free,weight,1
Eat24 Food Delivery & Takeout,menu,1
Eat24 Food Delivery & Takeout,sure,1
Eat24 Food Delivery & Takeout,Money,1
EatStreet Food Delivery App,food,1
"Ebates: Cash Back, Coupons, Rewards & Savings",company,1
"Ebates: Cash Back, Coupons, Rewards & Savings",customer,1
"Ebates: Cash Back, Coupons, Rewards & Savings",low,1
Ebook Reader,serious,1
Ebook Reader,text,1
Ebook Reader,rendering,1
Ecobank Mobile Banking,lucky,1
Ecobank Mobile Banking,star,1
Ecobank Mobile Banking,resposiv,1
Edmodo,name,1
Edmodo,kind,1
Edmodo,number,1
Educational Games 4 Kids,Wonderful,1
Educational Games 4 Kids,game,1
Educational Games 4 Kids,way,1
Educational Games 4 Kids,many,1
Educational Games for Kids,variety,1
Educational Games for Kids,Good,1
El tiempo de AEMET,widget,1
El tiempo de AEMET,great,1
English with Lingualeo,grammar,1
English-Myanmar Dictionary,reliable,1
Entel,Entel,1
Enterprise Rent-A-Car,proce,1
Episode - Choose Your Story,choose,1
Episode - Choose Your Story,story,1
Episode - Choose Your Story,prepared,1
Episode - Choose Your Story,pay,1
Episode - Choose Your Story,lot,1
Epocrates Plus,urgent,1
Epocrates Plus,care,1
Epocrates Plus,easy,1
Epocrates Plus,resource,1
Essential Anatomy 3,great,1
Essential Anatomy 3,tab,1
Essential Anatomy 3,co,1
Essential Resources,voicemail,1
Essential Resources,shortcut,1
Essential Resources,home,1
Essential Resources,sc,1
Etsy: Handmade & Vintage Goods,asap,1
Etsy: Handmade & Vintage Goods,reply,1
Etta Homes,working,1
Etta Homes,great,1
Etta Homes,yesterday,1
Etta Homes,cli,1
Eurosport,blank,1
Eurosport,unkn,1
"Eve Period Tracker - Love, Sex & Relationships App",useful,1
"Even - organize your money, get paid early",great,1
"Even - organize your money, get paid early",bank,1
"Even - organize your money, get paid early",beta,1
"Evernote Ôø?Organizer, Planner for Notes & Memos",part,1
"Evernote Ôø?Organizer, Planner for Notes & Memos",essay,1
"Evernote Ôø?Organizer, Planner for Notes & Memos",check,1
"Evernote Ôø?Organizer, Planner for Notes & Memos",definitio,1
Evie Launcher,Useful,1
Evie Launcher,easy,1
ExDialer - Dialer & Contacts,good,1
ExDialer - Dialer & Contacts,app,1
ExDialer - Dialer & Contacts,way,1
ExDialer - Dialer & Contacts,get,1
"Expedia Hotels, Flights & Car Rental Travel Deals",functionality,1
"Expedia Hotels, Flights & Car Rental Travel Deals",book,1
"Expedia Hotels, Flights & Car Rental Travel Deals",partia,1
Expense IQ Money Manager,monthly,1
Expense IQ Money Manager,subscription,1
Expense IQ Money Manager,li,1
Experian - Free Credit Report,Helpful,1
Experian - Free Credit Report,thing,1
Experian - Free Credit Report,timi,1
Extreme Car Driving Simulator,game,1
Extreme Car Driving Simulator,horrendous,1
Extreme Coupon Finder,place,1
Extreme Coupon Finder,grocery,1
Extreme Match,YUCK,1
Extreme Racing 2 - Real driving RC cars game!,game,1
EyeCloud,password,1
EyeCloud,hit,1
EyeCloud,creek,1
EyeEm - Camera & Photo Filter,sophisticated,1
EyeEm - Camera & Photo Filter,enjoyable,1
EzCalculator,amazing,1
EzCalculator,calculator,1
"Fabulous: Motivate Me! Meditate, Relax, Sleep",healthy,1
"Face Filter, Selfie Editor - Sweet Camera",many,1
"Face Filter, Selfie Editor - Sweet Camera",single,1
"Face Filter, Selfie Editor - Sweet Camera",filter,1
Facebook,facebook,1
Facebook,fact,1
Facebook Ads Manager,last,1
Facebook Ads Manager,couple,1
Facebook Ads Manager,mont,1
Facebook Lite,complete,1
Facebook Lite,reinstall,1
Facebook Lite,alright,1
Facebook Local,size,1
Facebook Local,large,1
Facebook Pages Manager,listen,1
Facebook Pages Manager,voice,1
Facebook Pages Manager,mail,1
Facebook Pages Manager,terribly,1
Facetune - Ad Free,easy,1
Facetune - Ad Free,fabulous,1
Fallout Shelter,entertaining,1
Fallout Shelter,good,1
Fallout Shelter,while,1
Fallout Shelter,Survival,1
Fallout Shelter,mode,1
Fallout Shelter,mu,1
Family Album Mitene: Private Photo & Video Sharing,great,1
Family Album Mitene: Private Photo & Video Sharing,family,1
Family Dollar,fam,1
Family GPS Tracker and Chat + Baby Monitor Online,place,1
Family GPS Tracker and Chat + Baby Monitor Online,family,1
Family GPS Tracker and Chat + Baby Monitor Online,locator,1
Family GPS Tracker and Chat + Baby Monitor Online,ap,1
Family GPS tracker KidControl + GPS by SMS Locator,great,1
Family Locator - GPS Tracker,son,1
Family Locator - GPS Tracker,accident,1
Family Locator - GPS Tracker,..,1
FamilySearch Tree,registered,1
FamilySearch Tree,initial,1
FamilySearch Tree,step,1
FamilySearch Tree,use,1
FamilySearch Tree,tha,1
Fancy Widgets,Wow,1
Fancy Widgets,widget,1
Fancy Widgets,customize,1
Fandango Movies - Times + Tickets,experience,1
Fandango Movies - Times + Tickets,long,1
Fandango Movies - Times + Tickets,time,1
FanDuel: Daily Fantasy Sports,cant,1
Fantasy Football,cant,1
Fantasy Football,access,1
Fantasy Football,anything,1
Fantasy Football,android,1
Fantasy Football,team,1
Fantasy Football & NFL News,current,1
Fantasy Football & NFL News,information,1
Fantasy Football & NFL News,Nice,1
Farm Fruit Pop: Party Time,game,1
Farm Fruit Pop: Party Time,nice,1
Farm Heroes Saga,game,1
Farm Heroes Saga,unable,1
Farm Heroes Saga,recognise,1
Farm Heroes Saga,mobile,1
Farm Heroes Saga,connecti,1
Farming Simulator 14,game,1
Farming Simulator 14,good,2
Farming Simulator 14,good,2
Farming Simulator 14,gamep,1
Farming Simulator 18,virus,1
Farming Simulator 18,program,1
Farming Simulator 18,telling,1
Farming Simulator 18,trojan,1
Farming Simulator 18,latest,1
Fashion in Vogue,install,1
Fashion in Vogue,open,1
Fast News,Wonderful,1
Fast News,app,1
Fast Scanner : Free PDF Scan,convenient,1
Fast Scanner : Free PDF Scan,scan,1
Fast Scanner : Free PDF Scan,send,1
Fast Scanner : Free PDF Scan,wel,1
"FastMeet: Chat, Dating, Love",waste,1
"FastMeet: Chat, Dating, Love",restart,1
"FastMeet: Chat, Dating, Love",phone,1
"FastMeet: Chat, Dating, Love",rei,1
Fat Burning Workout - Home Weight lose,great,1
Fat Burning Workout - Home Weight lose,mom,1
Fate/Grand Order (English),game,1
Fate/Grand Order (English),incredible,1
Fate/Grand Order (English),plot,1
Fate/Grand Order (English),great,1
Fate/Grand Order (English),g,1
FBReader: Favorite Book Reader,connect,1
FBReader: Favorite Book Reader,server,1
FBReader: Favorite Book Reader,https,1
FERZU - Furries Social Network,reason,1
FERZU - Furries Social Network,member,1
FidMe Loyalty Cards & Deals at Grocery Supermarket,custom,1
FidMe Loyalty Cards & Deals at Grocery Supermarket,membe,1
"FIFA - Tournaments, Soccer News & Live Scores",malfunction,1
"FIFA - Tournaments, Soccer News & Live Scores",match,1
"FIFA - Tournaments, Soccer News & Live Scores",man,1
File Browser by Astro (File Manager),new,1
File Browser by Astro (File Manager),format,1
File Browser by Astro (File Manager),size,1
File Browser by Astro (File Manager),option,1
File Browser by Astro (File Manager),view,1
File Explorer,z,1
File Explorer,tab,1
File Explorer,app,1
File Manager,password,1
File Manager,protection,1
File Manager,PC,1
File Manager,file,1
File Manager,shari,1
File Manager -- Take Command of Your Files Easily,happy,1
File Manager -- Take Command of Your Files Easily,fast,1
File Manager -- Take Command of Your Files Easily,job,1
File Manager -- Take Command of Your Files Easily,easy,1
Files Go by Google: Free up space on your phone,remove,1
Files Go by Google: Free up space on your phone,duplicate,1
FilterGrid - Cam&Photo Editor,great,1
FilterGrid - Cam&Photo Editor,hide,1
Filters for Selfie,good,1
Filters for Selfie,make,1
Filters for Selfie,look,1
Filters for Selfie,cooler,1
FINAL FANTASY BRAVE EXVIUS,game,1
FINAL FANTASY BRAVE EXVIUS,super,1
FINAL FANTASY BRAVE EXVIUS,fun,1
FINAL FANTASY BRAVE EXVIUS,much,1
Final Fantasy XV: A New Empire,game,1
Financial Times,nose,1
Financial Times,s,1
Find a Way: Addictive Puzzle,d,1
Find Dining Restaurant Finder,developer,1
Find Dining Restaurant Finder,first,1
FindShip,great,1
FindShip,reason,1
FindShip,today,1
Firefox Browser fast & private,pitiful,1
Firefox Browser fast & private,chrom,1
Fishdom,princess,1
Fishdom,fish,2
Fishdom,nice,1
Fishdom,fish,2
Fitbit,app,1
Fitbit,painful,1
Fitbit,Today,1
Flashlight,Wonderful,1
Flashlight - Torch LED Light,flashlight,1
Flashlight & LED Torch,feeling,1
Flashlight HD LED,great,1
Flickr,pathetic,1
Flickr,excuse,1
Flickr,location,1
Flickr,system,1
Flight & Hotel Booking App - ixigo,verify,1
Flight & Hotel Booking App - ixigo,account,1
Flight & Hotel Booking App - ixigo,boo,1
Flightradar24 Flight Tracker,screen,1
Flights,kissandfly,1
Flights,ticket,1
Flip the Gun - Simulator Game,tank,1
FlipaClip - Cartoon animation,easy,1
FlipaClip - Cartoon animation,use,1
FlipaClip - Cartoon animation,animation,1
FlipaClip - Cartoon animation,m,1
Flipboard: News For Our Time,news,1
Flipboard: News For Our Time,recommenda,1
Flipkart Online Shopping App,shopping,1
Flipkart Online Shopping App,Order,1
Flipp - Weekly Shopping,great,1
Flipp - Weekly Shopping,price,1
Flipp - Weekly Shopping,match,1
Flipp - Weekly Shopping,app,1
Flippy Campus - Buy & sell on campus at a discount,present,1
FlirtChat - ‚ô•Free Dating/Flirting AppÔø?,Wonderful,1
FlirtChat - ‚ô•Free Dating/Flirting AppÔø?,..,1
FlirtChat - ‚ô•Free Dating/Flirting AppÔø?,best,1
Floor Plan Creator,add,1
Floor Plan Creator,feature,1
Floor Plan Creator,create,1
Floor Plan Creator,wall,1
Flow Free,way,1
Flow Free,cash,1
Flow Free,wow,1
Flow Free,ga,1
Fly Delta,great,1
Fly Delta,crash,1
Fly Delta,last,1
FollowMyHealth¬Æ,pw,1
FollowMyHealth¬Æ,innumerable,1
Font Studio- Photo Texts Image,many,1
Font Studio- Photo Texts Image,frustra,1
Food Calorie Calculator,week,1
Food Network,TV,1
Food Network,sign,1
Food Network,opposite,1
Food Network,watch,1
Food Network,ep,1
Fooducate Healthy Weight Loss & Calorie Counter,tell,1
Fooducate Healthy Weight Loss & Calorie Counter,eat,1
"Foot Mercato : transferts, r√©sultats, news, live",seem,1
"Foot Mercato : transferts, r√©sultats, news, live",good,1
"Foot Mercato : transferts, r√©sultats, news, live",translation,1
Football Live Scores,star,1
Football Live Scores,option,1
Football Live Scores,available,1
Football Live Scores,video,1
Football Live Scores,highli,1
ForecaWeather,nice,1
ForecaWeather,custom,1
ForecaWeather,color,1
ForecaWeather,nothing,1
ForecaWeather,show,1
Fortune City - A Finance App,account,1
Fortune City - A Finance App,balance,1
Fortune City - A Finance App,review,1
FOSSIL Q: DESIGN YOUR DIAL,work,1
Four In A Line,yeeeee,1
Four In A Line,m8,1
Four In A Line Free,force,1
Foursquare City Guide,install,1
Foursquare Swarm: Check In,account,1
Foursquare Swarm: Check In,Fix,1
FOX,frozen,1
FOX,....,1
Fox Business,see,2
Fox Business,pretty,1
Fox Business,see,2
"Fox News Ôø?Breaking News, Live Video & News Alerts",wont,1
"Fox News Ôø?Breaking News, Live Video & News Alerts",play,1
"Fox News Ôø?Breaking News, Live Video & News Alerts",half,1
"Fox News Ôø?Breaking News, Live Video & News Alerts",time,1
FOX NOW - On Demand & Live TV,fine,1
FOX NOW - On Demand & Live TV,similar,1
FOX NOW - On Demand & Live TV,apps,1
FOX NOW - On Demand & Live TV,worst,1
FOX NOW - On Demand & Live TV,t,1
Fraction Calculator Plus Free,complex,1
Free & Premium VPN - FinchVPN,tsk,1
Free & Premium VPN - FinchVPN,..,1
Free & Premium VPN - FinchVPN,ridiculous,1
Free & Premium VPN - FinchVPN,i,1
Free & Premium VPN - FinchVPN,try,1
Free Dating & Flirt Chat - Choice of Love,app,1
Free Dating App - Meet Local Singles - Flirt Chat,lot,1
Free Dating App - Meet Local Singles - Flirt Chat,bad,1
Free Dating App - Meet Local Singles - Flirt Chat,none,1
Free Dating App - Meet Local Singles - Flirt Chat,real,1
Free Dating App - Meet Local Singles - Flirt Chat,fr,1
"Free Dating App - YoCutie - Flirt, Chat & Meet",worst,1
"Free Dating App - YoCutie - Flirt, Chat & Meet",time,1
"Free Dating App - YoCutie - Flirt, Chat & Meet",waste,1
"Free Dating App - YoCutie - Flirt, Chat & Meet",response,1
"Free Dating App - YoCutie - Flirt, Chat & Meet",fake,1
Free Dating App & Flirt Chat - Cheers,great,1
Free Dating App & Flirt Chat - Match with Singles,cool,1
Free Dating Hook Up Messenger,good,1
Free Dating Hook Up Messenger,fun,1
Free Dating Hook Up Messenger,enjo,1
Free Foreclosure Real Estate Search by USHUD.com,software,1
Free Foreclosure Real Estate Search by USHUD.com,typical,1
Free Foreclosure Real Estate Search by USHUD.com,govt,1
Free Hypnosis,helpful,1
Free Hypnosis,understand,1
Free Hypnosis,anxiety,1
Free Live Talk-Video Call,time,1
"Free phone calls, free texting SMS on free number",free,2
"Free phone calls, free texting SMS on free number",u,2
"Free phone calls, free texting SMS on free number",free,2
"Free phone calls, free texting SMS on free number",u,2
Free Sports TV,Yassss,1
Free Sports TV,application,1
Free Sports TV,great,1
Free Sports TV,job,1
"Free TV Shows App:News, TV Series, Episode, Movies",review,1
Free VIN Report for Used Cars,cool,1
Free VIN Report for Used Cars,app,1
Free VIN Report for Used Cars,cond,1
Freeletics: Personal Trainer & Fitness Workouts,purchase,1
Freeletics: Personal Trainer & Fitness Workouts,way,1
Freeletics: Personal Trainer & Fitness Workouts,free,1
Freeletics: Personal Trainer & Fitness Workouts,app,1
Freeletics: Personal Trainer & Fitness Workouts,....,1
FreePrints Ôø?Free Photos Delivered,enlarge,1
FreePrints Ôø?Free Photos Delivered,crop,1
FreePrints Ôø?Free Photos Delivered,photo,1
Fresh EBT - Food Stamp Balance,area,1
Fresh EBT - Food Stamp Balance,needed,1
Fresh EBT - Food Stamp Balance,i,1
FreshBooks Classic,Trend,1
Frontback - Social Photos,own,1
Frozen Free Fall,task,1
Frozen Free Fall,board,1
Frozen Free Fall,arendale,1
Frozen Free Fall,plaza,1
Frozen Free Fall,thing,1
Fruit Block - Puzzle Legend,problem,2
Fruit Block - Puzzle Legend,problem,2
Fruit Ninja¬Æ,Wonderful,1
Fruit Ninja¬Æ,game,1
Fruits Bomb,nice,1
Fruits Bomb,game,1
Fuelio: Gas log & costs,gas,1
Fuelio: Gas log & costs,mileage,1
Full Screen Caller ID,slow,1
Full Screen Caller ID,froze,1
Full Screen Caller ID,change,1
Full Screen Caller ID,picture,1
Full Screen Caller ID,contact,1
Full Screen Caller ID,T,1
"FUN Keyboard Ôø?Emoji Keyboard, Sticker,Theme & GIF",wonderful,1
"FUN Keyboard Ôø?Emoji Keyboard, Sticker,Theme & GIF",easy,1
Fun Kid Racing,new,1
Fun Kid Racing,version,1
Fun Kid Racing - Motocross,¬£104,1
Fun Kid Racing - Motocross,unlock,1
Fun Kid Racing - Motocross,content,1
Fun Kid Racing - Motocross,trap,1
Fun Kid Racing - Motocross,Absolutel,1
Funny Alarm Clock Ringtones,many,2
Funny Alarm Clock Ringtones,many,2
Funny Alarm Clock Ringtones,useful,1
Funny Pics,love,1
Funny Pics,app,1
Funny Pics,virus,1
Fuzzy Seasons: Animal Forest,v,1
Fuzzy Seasons: Animal Forest,cute,1
Fuzzy Seasons: Animal Forest,like,2
Fuzzy Seasons: Animal Forest,art,1
Fuzzy Seasons: Animal Forest,style,1
Fuzzy Seasons: Animal Forest,like,2
Fuzzy Seasons: Animal Forest,game,1
Fuzzy Seasons: Animal Forest,pro,1
G Cloud Backup,useful,1
G Cloud Backup,software,1
G Cloud Backup,need,1
G Cloud Backup,important,1
Galactic Core Free Wallpaper,Wish,1
Galactic Core Free Wallpaper,free,1
Galactic Core Free Wallpaper,version,1
Galactic Core Free Wallpaper,great,1
Galactic Core Free Wallpaper,wallpaper,1
Galaxy Attack: Alien Shooter,new,1
Galaxy Attack: Alien Shooter,device,1
Galaxy Attack: Alien Shooter,lo,1
Game of Thrones: ConquestÔø?,fun,1
Game of Thrones: ConquestÔø?,play,1
Game of Thrones: ConquestÔø?,program,1
"Gametime - Tickets to Sports, Concerts, Theater",anything,1
"Gametime - Tickets to Sports, Concerts, Theater",preseason,1
GANMA! - „Ç™„É™„Ç∏„Éä„É´Êº´Áîª„ÅåÂÖ®Ë©±ÁÑ°Êñô„ÅßË™≠„ÅøÊîæÔø?,furigana,1
Garden Fruit Legend,nice,1
Garden Fruit Legend,game,1
Gardenscapes,Your,1
Gardenscapes,game,1
Gardenscapes,allow,1
Gardenscapes,fair,1
Gardenscapes,play,1
Garena Free Fire,server,1
Garena Free Fire,weak,1
Garena Free Fire,handle,1
Garena Free Fire,many,1
Garena Free Fire,first,1
Garena Free Fire,fix,1
Garmin ConnectÔø?,watch,1
GasBuddy: Find Cheap Gas,recall,1
GasBuddy: Find Cheap Gas,notice,1
GasBuddy: Find Cheap Gas,feature,1
GasBuddy: Find Cheap Gas,work,1
GasBuddy: Find Cheap Gas,wrong,1
GasBuddy: Find Cheap Gas,inacc,1
Gay Sugar Daddy Dating & Hookup Ôø?Sudy Gay,message,1
Gay Sugar Daddy Dating & Hookup Ôø?Sudy Gay,upgrade,1
Gboard - the Google Keyboard,good,1
Gboard - the Google Keyboard,keyboard,1
Gboard - the Google Keyboard,omission,1
"GCash - Buy Load, Pay Bills, Send Money",help,1
"GCash - Buy Load, Pay Bills, Send Money",support,1
"GCash - Buy Load, Pay Bills, Send Money",profile,1
Gems or jewels ,uninstalled,1
Gems or jewels ,game,1
Gems or jewels ,least,1
Gems or jewels ?,stop,1
Gems or jewels ?,playing,1
Genius Scan - PDF Scanner,useful,1
Genius Scan - PDF Scanner,expense,1
Genius Scan - PDF Scanner,especia,1
Gmail,problem,1
Gmail,deleting,1
Gmail,smar,1
GMAT Math Flashcards,helpful,1
GMAT Math Flashcards,great,1
GMAT Math Flashcards,able,1
GMAT Math Flashcards,flip,1
GMAT Question Bank,difficulty,1
GMAT Question Bank,level,1
GMAT Question Bank,quiz,1
"GO Keyboard - Cute Emojis, Themes and GIFs",HELL,1
"GO Keyboard - Emoticon keyboard, Free Theme, GIF",ok,1
GO Notifier,fine,1
GO Notifier,work,1
"GO SMS Pro - Messenger, Free Themes, Emoji",Unable,1
"GO SMS Pro - Messenger, Free Themes, Emoji",dual,1
"GO SMS Pro - Messenger, Free Themes, Emoji",sim,1
"GO SMS Pro - Messenger, Free Themes, Emoji",new,1
"GO SMS Pro - Messenger, Free Themes, Emoji",version,1
"GO Weather - Widget, Theme, Wallpaper, Efficient",app,1
"GO Weather - Widget, Theme, Wallpaper, Efficient",right,1
"GO Weather - Widget, Theme, Wallpaper, Efficient",temp,1
"GO Weather - Widget, Theme, Wallpaper, Efficient",etc,1
Goal Live Scores,pop,1
Goal Live Scores,login,1
GoBank,awhile,1
GoBank,.....,1
Goibibo - Flight Hotel Bus Car IRCTC Booking App,charge,1
Goibibo - Flight Hotel Bus Car IRCTC Booking App,price,1
Goibibo - Flight Hotel Bus Car IRCTC Booking App,tr,1
Goku Wallpaper Art,best,1
Goku Wallpaper Art,play,1
Goku Wallpaper Art,store,1
Gold Butterfly Keyboard Theme,Wonderful,1
Golden Dictionary (EN-AR),ÿßŸÑÿ™ÿ∑ÿ®ŸäŸÇ,1
Golden Launcher,nice,1
Goldstar: Live Event Tickets,awesome,1
Goldstar: Live Event Tickets,honest,1
Goldstar: Live Event Tickets,app.,1
Goldstar: Live Event Tickets,write,1
Golf Channel,good,1
Golf Channel,crashing,1
Golf GPS by SwingxSwing,option,1
Golf GPS by SwingxSwing,share,1
Golf GPS by SwingxSwing,someone,1
Golf GPS Rangefinder: Golf Pad,Yardage,1
Golf GPS Rangefinder: Golf Pad,accurate,1
GolfLogix GPS + Putt Breaks,device,1
"GolfNow: Tee Time Deals at Golf Courses, Golf GPS",great,1
"GolfNow: Tee Time Deals at Golf Courses, Golf GPS",phone,1
Golfshot Plus: Golf GPS,shame,1
Golfshot Plus: Golf GPS,w,1
Golfshot: Golf GPS + Tee Times,tablet,1
Golfshot: Golf GPS + Tee Times,enter,1
GoodRx Drug Prices and Coupons,free,1
GoodRx Drug Prices and Coupons,money,1
Google,biggest,1
Google,company,1
Google,world,1
Google Ads,terrible,1
Google Ads,job,1
Google Ads,something,1
Google Duo - High Quality Video Calls,force,1
Google Duo - High Quality Video Calls,video,1
Google Earth,see,2
Google Earth,fun,1
Google Earth,see,2
Google Fit - Fitness Tracking,easy,1
Google Fit - Fitness Tracking,log,1
Google Fit - Fitness Tracking,exercise,1
Google Fit - Fitness Tracking,w,1
Google Handwriting Input,able,1
Google Handwriting Input,text,1
Google Handwriting Input,message,1
Google Keep,new,1
Google Keep,reminder,1
Google Keep,locatio,1
Google My Business,able,1
Google My Business,verify,1
Google My Business,business,1
Google My Business,something,1
Google My Business,great,1
Google My Business,man,1
Google News,user,1
Google News,experience,1
Google News,top,1
Google News,noch,1
Google News,se,1
Google Pay,default,1
Google Pay,tap,1
Google Pay,pay,1
Google PDF Viewer,icon,1
Google PDF Viewer,sleek,1
Google PDF Viewer,feature,1
Google PDF Viewer,sear,1
Google Photos,snap,1
Google Photos,cool,1
Google Primer,Great,1
Google Slides,Great,1
Google Slides,Greatest,1
Google Slides,part,1
Google Slides,share,1
Google Slides,Wond,1
Google Street View,picture,1
Google Street View,h,1
Google Translate,nice,1
Google Translate,small,1
Google Trips - Travel Planner,Useful,1
Google Voice,addition,1
Google+,social,1
Google+,network,1
Google+,useful,1
Google+,thi,1
GoPro (formerly Capture),Total,1
GoPro (formerly Capture),Junk,1
GPS Map Free,good,1
GPS Speedometer and Odometer,great,1
"GPS Speedometer, Distance Meter",please,1
GPS Status & Toolbox,screen,1
GPS Status & Toolbox,idea,1
Granny,well,1
Granny,scary,1
Granny,horror,1
Granny,game,1
Granny,favo,1
Graphing Calculator,small,1
GRE Prep & Practice by Magoosh,playback,1
GRE Prep & Practice by Magoosh,improvement,1
GRE Prep & Practice by Magoosh,smooth,1
GRE Tutor,nice,1
GRE Tutor,app,1
GRE Tutor,apps2sd,1
GRE Tutor,kin,1
Grim Soul: Dark Fantasy Survival,smart,1
Grim Soul: Dark Fantasy Survival,playing,1
Grim Soul: Dark Fantasy Survival,game,1
Groovebook Photo Books & Gifts,unsubscribe,1
GroupMe,fine,1
GroupMe,horrible,1
GroupMe,drawback,1
GroupMe,edit,1
"Groupon - Shop Deals, Discounts & Coupons",different,1
"Groupon - Shop Deals, Discounts & Coupons",deal,1
Grubhub: Food Delivery,rate,1
GS SHOP,English,1
GS SHOP,language,1
GS SHOP,Good,1
GS SHOP,app,1
Guns of Glory,YOUR,1
GUNSHIP BATTLE: Helicopter 3D,i,1
GUNSHIP BATTLE: Helicopter 3D,everyda,1
Gyft - Mobile Gift Card Wallet,gift,1
Gyft - Mobile Gift Card Wallet,card,1
H TV,TV,1
H TV,channel,1
H&M,sale,1
H&M,concept,1
H&M,size,1
Hamilton Ôø?The Official App,update,1
Hangouts,simple,1
Hangouts,messenger,1
Happify,Useful,1
Happify,flourish,1
Happify,better,1
Happy Birthday Songs Offline,love,1
Happy Fruits Bomb - Cube Blast,game,1
Happy Fruits Bomb - Cube Blast,need,1
Happy Fruits Bomb - Cube Blast,access,1
Happy Street,fun,1
Happy Street,way,1
Happy Street,kill,1
Happy Street,time,1
Happy Street,easy,1
Happy Street,buy/m,1
Harkins Theatres,signing,1
Harkins Theatres,confirm,1
Harkins Theatres,password,1
Harkins Theatres,seco,1
Harry Potter: Hogwarts Mystery,energy,1
Harry Potter: Hogwarts Mystery,complete,1
Harry Potter: Hogwarts Mystery,task,1
Harry Potter: Hogwarts Mystery,wait,1
HauteLook,useful,1
HauteLook,push,1
HauteLook,specific,1
Hay Day,earned,1
Hay Day,make,1
Hay Day,advance,1
Haystack TV: Local & World News - Free,great,1
Haystack TV: Local & World News - Free,wife,1
Haystack TV: Local & World News - Free,love,1
HBO GO: Stream with TV Package,open,1
HBO GO: Stream with TV Package,blank,1
HBO GO: Stream with TV Package,screen,1
HD Camera,camera,1
HD Camera,error,1
HD Camera - Quick Snap Photo & Video,product,1
HD Camera for Android,Wow,1
HD Camera Pro for Android,simple,1
HD Camera Pro for Android,camera,1
HD Camera Ultra,Wow,1
HD Camera Ultra,good,1
HD Camera Ultra,free,1
HD Camera Ultra,rate,1
HD Camera Ultra,show,1
HD Movie Video Player,many,1
HD Widgets,great,1
HD Widgets,samsung,1
HD Widgets,note,1
HDFC Bank MobileBanking,able,1
HDFC Bank MobileBanking,login,1
HDFC Bank MobileBanking,app,1
HDFC Bank MobileBanking,Eve,1
Headspace: Meditation & Mindfulness,create,1
Headspace: Meditation & Mindfulness,account,1
Health and Nutrition Guide,Wonderful,1
Health and Nutrition Guide,great,1
HealtheLife,beside,1
Healthy Recipes Free,easy,1
Healthy Recipes Free,follow,1
Healthy Recipes Free,amazing,1
Helix Jump,sensitivity,1
Helix Jump,option,1
Hello Kitty Lunchbox,everything,1
Hello Kitty Lunchbox,favorite,1
Hello Kitty Lunchbox,thi,1
Hello Kitty Nail Salon,many,1
Hello Kitty Nail Salon,#NAME?,1
Hello Kitty Nail Salon,side,1
Hello Kitty Nail Salon,Creative,1
Hello Stars,many,1
"HelloTalk Ôø?Chat, Speak & Learn Foreign Languages",demand,1
"HelloTalk Ôø?Chat, Speak & Learn Foreign Languages",permission,1
"HelloTalk Ôø?Chat, Speak & Learn Foreign Languages",phone,1
Hero Hunters,im,1
Hero Hunters,cause,1
Hero Hunters,Everytime,1
"Herpes Dating: 1,000K+ Singles",half,1
"Herpes Dating: 1,000K+ Singles",wan,1
Herpes Positive Singles Dating,good,1
Herpes Positive Singles Dating,Wish,1
Herpes Positive Singles Dating,free,1
Herpes Positive Singles Dating,dating,1
HESI A2 Pocket Prep,time,1
HESI A2 Pocket Prep,actual,1
HESI A2 Pocket Prep,book,1
"Hide App, Private Dating, Safe Chat - PrivacyHider",work,1
"Hide App, Private Dating, Safe Chat - PrivacyHider",..,1
"Hide App, Private Dating, Safe Chat - PrivacyHider",sum,1
"Hide Something - Photo, Video",picture,1
"Hide Something - Photo, Video",gallery,1
"Hide Something - Photo, Video",st,1
Hideman VPN,timer,1
Hideman VPN,hit,1
Hideman VPN,ur,1
High Blood Pressure Symptoms,good,1
High-Powered Flashlight,great,1
High-Powered Flashlight,advertising,1
"High-Speed Camera (GIF,Burst)",time,1
Hill Climb Racing,youbcrash,1
Hill Climb Racing 2,race,1
Hill Climb Racing 2,farthest,1
Hill Climb Racing 2,track,1
"Hily: Dating, Chat, Match, Meet & Hook up",‚ù§‚ù§,1
Hinge: Dating & Relationships,upload,1
Hinge: Dating & Relationships,th,1
HipChat - Chat Built for Teams,list,1
HipChat - Chat Built for Teams,select,1
HipChat - Chat Built for Teams,chat,1
HISTORY: Watch TV Show Full Episodes & Specials,many,1
HISTORY: Watch TV Show Full Episodes & Specials,l,1
Hitwe - meet people and chat,sign,1
Hitwe - meet people and chat,free,1
Hitwe - meet people and chat,button,1
Hitwe - meet people and chat,messa,1
Home Scouting¬Æ MLS Mobile,password,1
Home Security Camera WardenCam - reuse old phones,version,1
Home Security Camera WardenCam - reuse old phones,remove,1
Home Workout - No Equipment,amazing,1
Home Workout - No Equipment,gym,1
"Home workouts - fat burning, abs, legs, arms,chest",need,1
"Home workouts - fat burning, abs, legs, arms,chest",track,1
"Home workouts - fat burning, abs, legs, arms,chest",fit,1
"Home workouts - fat burning, abs, legs, arms,chest",Good,1
"Home workouts - fat burning, abs, legs, arms,chest",set,1
"Homes.com üè† For Sale, Rent",Vest,1
Homescapes,game,1
Homesnap Real Estate & Rentals,tricky,1
Homesnap Real Estate & Rentals,unprofessional,1
Homesnap Real Estate & Rentals,way,1
Homestyler Interior Design & Decorating Ideas,add,1
Homestyler Interior Design & Decorating Ideas,something,1
Homestyler Interior Design & Decorating Ideas,design,1
Homestyler Interior Design & Decorating Ideas,ev,1
HomeWork,Best,2
HomeWork,best,2
HomeWork,homework,1
HomeWork,world,1
Homework Planner,Wonderful,1
Homework Planner,helpful,1
Homework Planner,chaotic,1
Homework Planner,scho,1
Honkai Impact 3rd,review,1
Honkai Impact 3rd,wise,1
Honkai Impact 3rd,tight,1
Hopper - Watch & Book Flights,ID,1
Hopper - Watch & Book Flights,booking,1
Horoscopes Ôø?Daily Zodiac Horoscope and Astrology,%,2
Horoscopes Ôø?Daily Zodiac Horoscope and Astrology,TRUE,1
Horoscopes Ôø?Daily Zodiac Horoscope and Astrology,%,2
Horses Live Wallpaper,wasteful,1
Hostelworld: Hostels & Cheap Hotels Travel App,region,1
Hostelworld: Hostels & Cheap Hotels Travel App,default,1
Hostelworld: Hostels & Cheap Hotels Travel App,showi,1
Hot Wheels: Race Off,u,1
Hot Wheels: Race Off,jump,1
Hot Wheels: Race Off,vehicle,1
Hot Wheels: Race Off,fl,1
Hotels Combined - Cheap deals,disappointed,1
Hotels Combined - Cheap deals,book,1
Hotels.com: Book Hotel Rooms & Find Vacation Deals,anything,1
Hotels.com: Book Hotel Rooms & Find Vacation Deals,uninstal,1
HotelTonight: Book amazing deals at great hotels,flexibility,1
HotelTonight: Book amazing deals at great hotels,company,1
HotelTonight: Book amazing deals at great hotels,book,1
HotelTonight: Book amazing deals at great hotels,wrong,1
Hotspot Shield Free VPN Proxy & Wi-Fi Security,‡¥®‡µãÔø,1
Hotspot Shield Free VPN Proxy & Wi-Fi Security,naffgggg,1
Hotstar,great,1
Hotstar,collection,1
Housing-Real Estate & Property,app,1
Housing-Real Estate & Property,nothing,1
Housing-Real Estate & Property,waste,1
HTC Calendar,designing,1
HTC Calendar,intuitive,1
HTC Calendar,update,1
HTC Calendar,new,1
HTC Help,bloatware,1
HTC Help,crap,1
HTC Lock Screen,great,1
HTC Lock Screen,smooth,1
HTC Mail,put,1
HTC Mail,name,1
HTC Sense Input,mobile,1
HTC Sense Input-AR,upset,1
HTC Sense Input-AR,htc,1
HTC Sense Input-AR,phone,1
HTC Sense Input-AR,fix,1
HTC Sense Input-AR,pl,1
HTC Service Ôø?DLNA,useless,1
HTC Service Ôø?DLNA,crap,1
HTC Service‚ÄîVideo Player,lack,1
HTC Social Plugin - Facebook,mandatory,1
HTC Social Plugin - Facebook,crApp,1
HTC Social Plugin - Facebook,reason,1
HTC Social Plugin - Facebook,garbage,1
HTC Speak,voice,1
HTC Speak,recognition,1
