App,KeyWords,Key_words_counts
104 ÊâæÂ∑•Ôø?- ÊâæÂ∑•Ôø?ÊâæÊâìÔø?ÊâæÂÖºÔø?Â±•Ê≠∑ÂÅ•Ê™¢ Â±•Ê≠∑Ë®∫ÁôÇÔø?,English,1
11st,Top,1
11st,newest,1
1800 Contacts - Lens Store,glad,1
21-Day Meditation Experience,Reliable,1
2GIS: directory & navigator,wrong,1
30 Day Fitness Challenge - Workout at Home,helpful,1
365Scores - Live Scores,wonderful,1
4 in a Row,good,1
4K Wallpapers and Ultra HD Backgrounds,animated,1
4K Wallpapers and Ultra HD Backgrounds,Overall,1
591ÊàøÂ±ã‰∫§Êòì-ÁßüÂ±ã„ÄÅ‰∏≠Âè§Â±ã„ÄÅÊñ∞Âª∫Ê°à„ÄÅÂØ¶ÂÉπÁôªÈåÑ„ÄÅÂà•Â¢ÖÈÄèÂ§©„ÄÅÂÖ¨ÂØìÂ•óÊàø„ÄÅÊç∑ÈÅã„ÄÅË≤∑ÊàøË≥£ÊàøË°åÊÉÖ„ÄÅÊàøÂÉπÊàøË≤∏Êü•Ôø?,good,1
7 Cups: Anxiety & Stress Chat,fine,1
7 Cups: Anxiety & Stress Chat,glitchy,1
7 Minute Workout,great,1
7 Weeks - Habit & Goal Tracker,Wonderful,1
7 Weeks - Habit & Goal Tracker,amazing,1
850 Sports News Digest,awesome,1
8fit Workouts & Meal Planner,Wow,1
8fit Workouts & Meal Planner,second,1
8fit Workouts & Meal Planner,sweaty,1
A Call From Santa Claus!,sure,1
A&E - Watch Full Episodes of TV Shows,pleased,1
A&E - Watch Full Episodes of TV Shows,easy,1
A&E - Watch Full Episodes of TV Shows,great,1
A+ Gallery - Photos & Videos,worst,1
A+ Mobile,convenient,1
ABCmouse.com,ok,1
Abs Training-Burn belly fat,good,1
Abs Training-Burn belly fat,begi,1
AC - Tips & News for AndroidÔø?,open,1
Acorn TV: World-class TV from Britain and Beyond,glad,1
"AD - Nieuws, Sport, Regio & Entertainment",such,1
"AD - Nieuws, Sport, Regio & Entertainment",confusing,1
Add Text To Photo,bad,1
Adobe Acrobat Reader,open,1
Adobe Photoshop Express:Photo Editor Collage Maker,confusing,1
Agar.io,Your,1
Agar.io,bad,1
Age Calculator,good,1
Agoda Ôø?Hotel Booking Deals,good,1
Airbnb,allow,1
AirBrush: Easy Photo Editor,audio,1
Airport + Flight Tracker Radar,comprehensive,1
Airway Ex - Intubate. Anesthetize. Train.,realistic,1
Akinator,type,1
Akinator,happy,1
Alarm Clock,several,1
"AliExpress - Smarter Shopping, Better Living",contact,1
"AliExpress - Smarter Shopping, Better Living",difficult,1
All Email Providers,Unstable,1
All Email Providers,slow,1
All Email Providers,unresponsive,1
All Events in City,wait,1
All Football - Latest News & Videos,Woow,1
All Football - Latest News & Videos,best,1
All Language Translator Free,smart,1
All Maths Formulas,much,1
All Mental disorders,much,1
All Social Networks,shameless,1
All Social Networks,stupid,1
All Social Networks,fkingapp,1
All Video Downloader 2018,..,1
All Video Downloader 2018,third,1
All-in-One Mahjong 3 FREE,lack,1
"All-In-One Toolbox: Cleaner, Booster, App Manager",great,1
Allrecipes Dinner Spinner,great,1
Allrecipes Dinner Spinner,large,1
AlReader -any text book reader,Wrong,1
Alto's Adventure,hover,1
Amazon for Tablets,latest,1
"Amazon FreeTime Ôø?KidsÔø?Videos, Books, & TV shows",old,1
Amazon Kindle,great,1
Amazon Kindle,kindle,1
Amazon Prime Video,reliable,1
AMC Theatres,buy,1
AMC Theatres,able,1
AMC Theatres,log,1
American Airlines,unable,1
American Airlines,sign,1
Amex Mobile,latest,1
Amino: Communities and Chats,terrible,1
Amino: Communities and Chats,full,1
Amtrak,recent,1
Amtrak,user,1
ANA,aeroplan,1
ANA,international,1
Anatomy Learning - 3D Atlas,¬°Me,1
Anatomy Learning - 3D Atlas,grateful,1
Ancestry,fine,1
Ancestry,latest,1
Ancestry,black,1
"Android Auto - Maps, Media, Messaging & Voice",confused,1
Angry Birds 2,great,1
Angry Birds 2,spoilt,1
Angry Birds Classic,angry,1
Animal Planet GO,sign,1
Animated Photo Editor,good,1
Anime Avatar Creator: Make Your Own Avatar,disappointing,1
Anime Avatar Creator: Make Your Own Avatar,low,1
Anime Manga Coloring Book,good,1
Anime Manga Coloring Book,wish,1
Anthem Anywhere,actual,1
Anthem Anywhere,open,1
"Any.do: To-do list, Calendar, Reminders & Planner",actual,1
Apartment Decorating Ideas,useful,1
Apartment Decorating Ideas,practical,1
Apartment Decorating Ideas,young,1
"Apartment List: Housing, Apt, and Property Rentals",helpful,1
"Apartment, Home Rental Search: Realtor.com Rentals",many,2
"Apartment, Home Rental Search: Realtor.com Rentals",many,2
Apex Launcher,update,1
Apex Launcher,many,1
Apk Installer,Worked,1
App vault,useless,1
AppLock - Fingerprint,Your,1
AppLock - Fingerprint,bad,1
Aprender ingl√©s con Wlingua,good,1
Arrow.io,Your,1
Arrow.io,trash,1
ARY NEWS,permission,1
Asana: organize team projects,sign,1
Ascape VR: 360¬∞ Virtual Travel,great,1
Ascape VR: 360¬∞ Virtual Travel,lenghty,1
ASOS,different,2
ASOS,different,2
Asteroids 3D live wallpaper,.........,1
Asteroids 3D live wallpaper,bad,1
ASUS Calling Screen,dark,1
ASUS Cover for ZenFone 2,Useful,1
ASUS Cover for ZenFone 2,nice,1
ASUS Sound Recorder,useful,1
ASUS Sound Recorder,easy,1
AT&T Smart Wi-Fi,slow,1
AutoCAD - DWG Viewer & Editor,excel,1
Avakin Life - 3D virtual world,decent,1
"AVG Cleaner Ôø?Speed, Battery & Memory Booster",good,1
Aviary Effects: Classic,wont,1
Aviary Stickers: Free Pack,different,1
B612 - Beauty & Filter Camera,give,1
Babbel Ôø?Learn Spanish,great,1
BaBe - Baca Berita,repetitive,1
BaBe Lite - Baca Berita Hemat Kuota,good,1
Baby ABC in box! Kids alphabet games for toddlers!,many,1
Baby ABC in box! Kids alphabet games for toddlers!,different,1
Baby ABC in box! Kids alphabet games for toddlers!,shady,1
Baby Panda‚Äôs Juice Shop,interesting,1
Baby puzzles,great,1
Baby puzzles,little,1
Baby Tiger Care - My Cute Virtual Pet Friend,nice,1
Backgrounds (HD Wallpapers),great,1
BaconReader for Reddit,sound,1
Bagan - Myanmar Keyboard,‚ù§‚ù§,1
Bagan - Myanmar Keyboard,convenient,1
Banco do Brasil,dis,1
Bancomer m√≥vil,mandatory,1
Bangla Newspaper Ôø?Prothom Alo,much,1
Bangla Newspaper Ôø?Prothom Alo,best,1
Banjo,nice,1
Bank of America Mobile Banking,online,1
Banorte Movil,sensitive,1
Barbie LifeÔø?,save,1
Barbie Magical Fashion,mom,1
Baritastic - Bariatric Tracker,helpful,1
Baritastic - Bariatric Tracker,weight,1
Basketball FRVR - Shoot the Hoop and Slam Dunk!,Your,1
Basketball Stars,Your,1
Battlelands Royale,addicting,1
Battlelands Royale,tight,1
BBC Media Player,Wow,1
BBC Sport,usable,1
BBVA Spain,Wonderful,1
BBW Dating & Plus Size Chat,u,1
Be A Legend: Soccer,funny,1
Be A Legend: Soccer,....,1
Beautiful Design Birthday Cake,nice,1
Beauty Makeup Snappy Collage Photo Editor - Lidow,good,1
BELONG Beating Cancer Together,useful,1
BELONG Beating Cancer Together,great,1
BeSoccer - Soccer Live Score,Useful,1
BEST CAR SOUNDS,nice,1
BEST CAR SOUNDS,real,1
BEST CAR SOUNDS,reply,1
BEST CAR SOUNDS,u,1
Best Fiends - Free Puzzle Game,relaxing,1
Best Ovulation Tracker Fertility Calendar App Glow,great,1
Best Ovulation Tracker Fertility Calendar App Glow,calendar,1
"Best Wallpapers Backgrounds(100,000+ 4K HD)",super,1
"Best Wallpapers Backgrounds(100,000+ 4K HD)",cool,1
BEYBLADE BURST app,able,1
BeyondMenu Food Delivery,great,1
Bible,great,1
Bible,Bible,1
Big Days - Events Countdown,Wish,1
Big Days - Events Countdown,favorite,1
Binaural Beats Meditation,good,1
Binaural Beats Therapy,stay,1
BioLife Plasma Services,great,1
Birds Sounds Ringtones & Wallpapers,Wrong,1
BLK - Swipe. Match. Chat.,HARD,1
Block Puzzle,Constant,1
Blogaway for Android (Blogger),easy,1
Blogaway for Android (Blogger),update,1
Blogger,old,1
Blood Donor,appt,1
Blood Pressure Log - MyDiary,easy,1
Blood Pressure Log - MyDiary,read,1
Blood Pressure(BP) Diary,similar,1
Bloomberg: Market & Financial News,watch,1
Blossom Blast Saga,first,1
Blossom Blast Saga,updated,1
Blur Image Background,bad,1
BluTV,latest,1
Booking.com Travel Deals,good,1
Bowmasters,friend,1
Boys Photo Editor - Six Pack & Men's Suit,good,1
Brain Waves - Binaural Beats,great,1
Brain Waves - Binaural Beats,crash,1
Brightest Flashlight Free ¬Æ,best,1
Brightest Flashlight Free ¬Æ,flashlight,1
Brightest Flashlight Free ¬Æ,brig,1
Brit + Co,content,1
British Airways,til,1
British Airways,best,1
Browser 4G,useful,1
Bubble Shooter,good,1
Bubble Shooter 2,upset,1
Bubble Shooter Genies,amazing,1
Bubble Shooter Genies,good,1
Bubble Witch 3 Saga,YouTube,1
BukuBayi - Perkembangan Bayi,helpful,1
Burner - Free Phone Number,first,1
Buscap√© - Ofertas e descontos,good,1
Buzz Launcher-Smart&Free Theme,uninstall,1
BZWBK24 mobile,only,1
C Programming,great,1
C Programming,useful,1
Caf - Mon Compte,practical,1
Caf - Mon Compte,graphic,1
Calculator - unit converter,great,1
Calculator - unit converter,different,1
Calculator Plus Free,long,1
Calculator with Percent (Free),nice,1
Calculator with Percent (Free),least,1
CALCUÔø?Stylish Calculator Free,button,1
Calendar+ Schedule Planner App,Updated,1
Call Blocker,able,1
Call Control - Call Blocker,unwante,1
Call of Duty:Black Ops Zombies,able,1
Call of Duty:Black Ops Zombies,hard,1
Calls Blacklist - Call Blocker,curate,1
"Calm - Meditate""",Sleep,1
"Calm - Meditate, Sleep, Relax",worked,1
"Calm - Meditate, Sleep, Relax",fine,1
Calorie Counter - EasyFit free,good,1
Calorie Counter - Macros,great,1
Calorie Counter - MyNetDiary,Easy,1
Calorie Counter - MyNetDiary,keep,1
Calorie Counter - MyNetDiary,diet,1
Cameringo Lite. Filters Camera,Useful,1
Candy Bomb,many,1
"Candy Camera - selfie, beauty camera, photo editor",aap,1
Candy Crush Jelly Saga,impossible,1
Candy Crush Saga,new,1
Candy Crush Saga,update,1
Candy Crush Soda Saga,hard,1
Candy Pop Story,keep,1
"Canva: Poster, banner, card maker & graphic design",cool,1
"Canva: Poster, banner, card maker & graphic design",easy,1
Canvas Student,load,1
Caviar - Food Delivery,wrong,1
"CBS Sports App - Scores, News, Stats & Watch Live",best,1
CDL Practice Test 2018 Edition,informative,1
CDL Practice Test 2018 Edition,useful,1
Chakra Cleansing,good,1
"Chat Rooms, Avatars, Date - Galaxy",free,1
"Chat Rooms, Avatars, Date - Galaxy",Ya,1
ChatVideo Meet new people,private,1
Cheapflights Ôø?Flight Search,nice,1
"CheapTickets Ôø?Hotels, Flights & Travel Deals",simple,1
"CheapTickets Ôø?Hotels, Flights & Travel Deals",smart,1
Checkers ‚úîÔ∏è,Whoaaa,1
Checkout 51: Grocery coupons,live,1
Checkout 51: Grocery coupons,barcode,1
CheckPoints üèÜ Rewards App,useless,1
Choice Hotels,low,1
Christian Dating For Free App,active,1
Chrome Dev,¬ªTOO,1
Chrome Dev,MANY,1
Cisco Webex Meetings,open,1
Citi Mobile¬Æ,easy,1
Citi Mobile¬Æ,great,1
Citi Mobile¬Æ,big,1
Citibanamex Movil,good,2
Citibanamex Movil,good,2
Citibanamex Movil,new,1
CityMaps2Go Plan Trips Travel Guide Offline Maps,pro,1
CityMaps2Go Plan Trips Travel Guide Offline Maps,old,1
Clash Royale,fix,1
"CM Browser - Ad Blocker , Fast Download , Privacy",worst,1
"CM Browser - Ad Blocker , Fast Download , Privacy",open,1
"CM Flashlight (Compass, SOS)",Simple,1
"CM Flashlight (Compass, SOS)",useful,1
Color by Number - Draw Sandbox Pixel Art,great,1
Color by Number Ôø?New Coloring Book,relaxing,1
Color by Number Ôø?New Coloring Book,new,1
Color Flashlight,good,1
Color Flashlight,many,1
Color Road,colours,1
Color Road,different,1
Color Road,slightest,1
ColorFil - Adult Coloring Book,enjoy,1
ColorFil - Adult Coloring Book,self,1
Colorful Glitter Neon Butterfly Keyboard Theme,langkodakala,1
Colorfy: Coloring Book for Adults - Free,stuff,1
Colorfy: Coloring Book for Adults - Free,horrible,1
Colorfy: Coloring Book for Adults - Free,install,1
Coloring book moana,many,1
ColorNote Notepad Notes,great,1
Common Core,special,1
Contacts,delete,1
ConvertPad - Unit Converter,useful,1
ConvertPad - Unit Converter,little,1
ConvertPad - Unit Converter,old,1
Cookbook Recipes,Wonderful,1
Cooking Channel,full,1
Cooking Madness - A Chef's Restaurant Games,extra,1
Cooking Madness - A Chef's Restaurant Games,complete,1
COOKING MAMA Let's Cook!,fantastic,1
Cookpad,search,1
Cool Popular Ringtones 2018 üî•,want,1
Cool Reader,random,1
Couchsurfing Travel App,Wonderful,1
Couchsurfing Travel App,little,1
Couchsurfing Travel App,buggy,1
Couple - Relationship App,ui,1
Credit Karma,horrible,1
Credit Karma,quick,1
Crew - Free Messaging and Scheduling,helpful,1
Cricket Visual Voicemail,several,1
Crunchyroll - Everything Anime,premium,1
Current debit card and app made for teens,great,1
Curriculum vitae App CV Builder Free Resume Maker,good,1
Curriculum vitae App CV Builder Free Resume Maker,easy,1
Curso de Ingles Gratis,hood,1
Cut the Rope FULL FREE,much,1
CW Seed,good,1
Cycling - Bike Tracker,great,1
Czech Public Transport IDOS,useful,1
Daily Workouts - Exercise Fitness Routine Trainer,great,1
Daily Yoga - Yoga Fitness Plans,greedy,1
Daily Yoga - Yoga Fitness Plans,silver,1
"Dailyhunt (Newshunt) - Latest News, Viral Videos",professional,1
Dairy Queen,local,1
Dairy Queen,sure,1
Daniel Tiger for Parents,thoughtful,1
DashClock Widget,Most,1
DashClock Widget,functional,1
Dashlane Free Password Manager,email,1
"Dating App, Flirt & Chat : W-Match",good,1
Dating for 50 plus Mature Singles Ôø?FINALLY,good,1
Daum Mail - Îã§Ïùå Î©îÏùº,best,1
Daum Mail - Îã§Ïùå Î©îÏùº,clean,1
Daum Mail - Îã§Ïùå Î©îÏùº,minimal,1
Davis's Drug Guide for Nurses,clear,1
DC Super Hero GirlsÔø?,great,1
"DC Super Hero GirlsÔø?""I like DC Superhero Girls powerful boys",cartoon,1
DEAD TARGET: FPS Zombie Apocalypse Survival Games,fine,1
DEAD TARGET: FPS Zombie Apocalypse Survival Games,best,1
DELISH KITCHEN - ÁÑ°Êñô„É¨„Ç∑„ÉîÂãïÁîª„ÅßÊñôÁêÜ„ÇíÊ•Ω„Åó„Åè„ÉªÁ∞°Âçò„Å´Ôø?,innovative,1
"DELISH KITCHEN - ÁÑ°Êñô„É¨„Ç∑„ÉîÂãïÁîª„ÅßÊñôÁêÜ„ÇíÊ•Ω„Åó„Åè„ÉªÁ∞°Âçò„Å´Ôø?""Easy follow",quick,1
"DELISH KITCHEN - ÁÑ°Êñô„É¨„Ç∑„ÉîÂãïÁîª„ÅßÊñôÁêÜ„ÇíÊ•Ω„Åó„Åè„ÉªÁ∞°Âçò„Å´Ôø?""thanks to the delishkitchen recipes",Japanese,1
"Delivery Club‚Äì–î–æ—Å—Ç–∞–≤–∫ÔøΩ?–µ–¥—ã:–ø–∏—Ü—Ü–∞,—Å—É—à–∏,–±—É—Ä–≥–µ—Ä,—Å–∞–ª–∞—Ç",english,1
Detector de Radares Gratis,careful,1
Detector de Radares Gratis,subscribe,1
Device Help,useful,1
Diabetes & Diet Tracker,sugar,1
Diabetes & Diet Tracker,net,1
Diabetes:M,glucose,1
Diary with lock,nice,1
Diary with lock,great,1
Diary with lock password,diary,1
Die TK-App Ôø?alles im Griff,Saved,1
Digg,unusable,1
DigiCal Calendar Agenda,awesome,1
Digital Alarm Clock,fine,1
Dil Mil,new,1
Dil Mil,profile,1
DINO HUNTER: DEADLY SHORES,WOW,1
DINO HUNTER: DEADLY SHORES,awesome,1
DINO HUNTER: DEADLY SHORES,edge,1
Discover Mobile,hit,1
Disney Heroes: Battle Mode,i,1
Disney Magic Kingdoms: Build Your Own Magical Park,u,1
Disney Magic Kingdoms: Build Your Own Magical Park,nice,1
Disney Magic Kingdoms: Build Your Own Magical Park,difficult,1
Disney Magic Kingdoms: Build Your Own Magical Park,many,1
Divar,n,1
DIY Garden Ideas,interesting,1
DMV Permit Practice Test 2018 Edition,useful,1
DMV Permit Practice Test 2018 Edition,unlock,1
DMV Permit Practice Test 2018 Edition,different,1
Dog Sim Online: Raise a Family,u,1
Dog Sim Online: Raise a Family,little,1
Dominos Game ‚úîÔ∏è,full,1
Domino's Pizza USA,arrival,1
"Domofond –ù–µ–¥–≤–∏–∂–∏–º–æ—Å—Ç—å. –ö—É–ø–∏—Ç—å, —Å–Ω—è—Ç—å –∫–≤–∞—Ä—Ç–∏—Ä—É.",helpful,1
Door Lock Screen,Wonderful,1
DoorDash - Food Delivery,awful,1
Dosecast - Medication Reminder,consistent,1
Down Dog: Great Yoga Anywhere,great,1
Dr. Oetker Rezeptideen,Wonderful,1
Dr. Oetker Rezeptideen,good,1
Dr. Panda & Toto's Treehouse,open,2
Dr. Panda & Toto's Treehouse,open,2
Dr. Panda Town: Vacation,dr,1
Dr. Panda Town: Vacation,panda,1
Dr. Panda Town: Vacation,many,1
DraftKings - Daily Fantasy Sports,ask,1
DRAGON BALL LEGENDS,great,1
DRAGON BALL LEGENDS,much,1
Dragon Hills,good,1
Draw a Stickman: EPIC 2,good,1
Draw In,Addictive,1
Draw In,first,1
Draw Your Game,stupid,1
Drawing for Kids Learning Games for Toddlers age 3,easy,1
Drawing for Kids Learning Games for Toddlers age 3,follow,1
DreamTrips,Wish,1
DreamTrips,solid,1
DreamWorks Friends,close,1
Droid Zap by Motorola,YOU,1
DStv Now,smart,1
DU Browser‚ÄîBrowse fast & fun,great,1
DU Browser‚ÄîBrowse fast & fun,big,1
Dumb Ways to Die 2: The Games,good,1
Dungeon Hunter Champions: Epic Online Action RPG,boring,1
Dunkin' Donuts,old,1
Dunkin' Donuts,format,1
Dunkin' Donuts,new,1
Dunkin' Donuts,drive,1
DuraSpeed,mad,1
DuraSpeed,actual,1
Easy Hair Style Design,nice,1
Easy Makeup Tutorials,cat,1
Easy Origami Ideas,‚òÜ‚òÜ‚òÜ‚òÜ‚ô°To,1
Easy Origami Ideas,good,1
Easy Voice Recorder,Wish,1
Easy Voice Recorder,much,1
Eat24 Food Delivery & Takeout,sure,1
Ebook Reader,serious,1
Ebook Reader,text,1
Ecobank Mobile Banking,lucky,1
Educational Games 4 Kids,Wonderful,1
Educational Games 4 Kids,many,1
Educational Games for Kids,Good,1
El tiempo de AEMET,great,1
English-Myanmar Dictionary,reliable,1
Episode - Choose Your Story,choose,1
Episode - Choose Your Story,prepared,1
Epocrates Plus,urgent,1
Epocrates Plus,easy,1
Essential Anatomy 3,great,1
Etsy: Handmade & Vintage Goods,reply,1
Etta Homes,great,1
Eurosport,blank,1
"Eve Period Tracker - Love, Sex & Relationships App",useful,1
"Even - organize your money, get paid early",great,1
Evie Launcher,Useful,1
Evie Launcher,easy,1
ExDialer - Dialer & Contacts,good,1
Expense IQ Money Manager,monthly,1
Experian - Free Credit Report,Helpful,1
Extreme Car Driving Simulator,horrendous,1
Extreme Coupon Finder,place,1
EyeEm - Camera & Photo Filter,sophisticated,1
EyeEm - Camera & Photo Filter,enjoyable,1
"Fabulous: Motivate Me! Meditate, Relax, Sleep",healthy,1
"Face Filter, Selfie Editor - Sweet Camera",many,1
"Face Filter, Selfie Editor - Sweet Camera",single,1
Facebook Ads Manager,last,1
Facebook Ads Manager,couple,1
Facebook Lite,complete,1
Facebook Local,large,1
Facebook Pages Manager,listen,1
Facetune - Ad Free,easy,1
Facetune - Ad Free,fabulous,1
Fallout Shelter,entertaining,1
Fallout Shelter,good,1
Fallout Shelter,Survival,1
Family Album Mitene: Private Photo & Video Sharing,great,1
Family GPS tracker KidControl + GPS by SMS Locator,great,1
Family Locator - GPS Tracker,son,1
FamilySearch Tree,registered,1
FamilySearch Tree,initial,1
Fancy Widgets,Wow,1
Fancy Widgets,customize,1
Fandango Movies - Times + Tickets,long,1
Fantasy Football,cant,1
Fantasy Football,android,1
Fantasy Football & NFL News,current,1
Farm Fruit Pop: Party Time,nice,1
Farm Heroes Saga,unable,1
Farming Simulator 14,good,2
Farming Simulator 14,good,2
Farming Simulator 18,virus,1
Farming Simulator 18,latest,1
Fashion in Vogue,open,1
Fast News,Wonderful,1
Fast Scanner : Free PDF Scan,convenient,1
Fast Scanner : Free PDF Scan,scan,1
Fat Burning Workout - Home Weight lose,great,1
Fate/Grand Order (English),incredible,1
Fate/Grand Order (English),great,1
FBReader: Favorite Book Reader,connect,1
File Browser by Astro (File Manager),new,1
File Manager,password,1
File Manager -- Take Command of Your Files Easily,happy,1
File Manager -- Take Command of Your Files Easily,easy,1
Files Go by Google: Free up space on your phone,remove,1
FilterGrid - Cam&Photo Editor,great,1
FilterGrid - Cam&Photo Editor,hide,1
Filters for Selfie,good,1
Filters for Selfie,make,1
FINAL FANTASY BRAVE EXVIUS,super,1
FINAL FANTASY BRAVE EXVIUS,much,1
Financial Times,nose,1
Find Dining Restaurant Finder,first,1
FindShip,great,1
Firefox Browser fast & private,pitiful,1
Fishdom,princess,1
Fishdom,nice,1
Fitbit,painful,1
Flashlight,Wonderful,1
Flashlight HD LED,great,1
Flickr,pathetic,1
Flightradar24 Flight Tracker,screen,1
FlipaClip - Cartoon animation,easy,1
Flipp - Weekly Shopping,great,1
FlirtChat - ‚ô•Free Dating/Flirting AppÔø?,Wonderful,1
FlirtChat - ‚ô•Free Dating/Flirting AppÔø?,..,1
FlirtChat - ‚ô•Free Dating/Flirting AppÔø?,best,1
Floor Plan Creator,add,1
Flow Free,wow,1
Fly Delta,great,1
Fly Delta,crash,1
Fly Delta,last,1
FollowMyHealth¬Æ,innumerable,1
Font Studio- Photo Texts Image,many,1
Font Studio- Photo Texts Image,frustra,1
Food Network,opposite,1
"Foot Mercato : transferts, r√©sultats, news, live",good,1
Football Live Scores,available,1
ForecaWeather,nice,1
Four In A Line,yeeeee,1
Four In A Line Free,force,1
Foursquare City Guide,install,1
FOX,frozen,1
Fox Business,see,2
Fox Business,pretty,1
Fox Business,see,2
"Fox News Ôø?Breaking News, Live Video & News Alerts",wont,1
FOX NOW - On Demand & Live TV,similar,1
FOX NOW - On Demand & Live TV,worst,1
Fraction Calculator Plus Free,complex,1
Free & Premium VPN - FinchVPN,ridiculous,1
Free & Premium VPN - FinchVPN,i,1
Free Dating App - Meet Local Singles - Flirt Chat,lot,1
Free Dating App - Meet Local Singles - Flirt Chat,bad,1
Free Dating App - Meet Local Singles - Flirt Chat,real,1
"Free Dating App - YoCutie - Flirt, Chat & Meet",worst,1
Free Dating App & Flirt Chat - Cheers,great,1
Free Dating Hook Up Messenger,good,1
Free Foreclosure Real Estate Search by USHUD.com,typical,1
Free Hypnosis,helpful,1
Free Hypnosis,understand,1
"Free phone calls, free texting SMS on free number",free,2
"Free phone calls, free texting SMS on free number",u,2
"Free phone calls, free texting SMS on free number",free,2
"Free phone calls, free texting SMS on free number",u,2
Free Sports TV,great,1
Free VIN Report for Used Cars,cool,1
Freeletics: Personal Trainer & Fitness Workouts,free,1
Fresh EBT - Food Stamp Balance,needed,1
Frontback - Social Photos,own,1
Fruit Ninja¬Æ,Wonderful,1
Fruits Bomb,nice,1
Full Screen Caller ID,slow,1
Full Screen Caller ID,change,1
"FUN Keyboard Ôø?Emoji Keyboard, Sticker,Theme & GIF",easy,1
Fun Kid Racing,new,1
Fun Kid Racing - Motocross,¬£104,1
Funny Alarm Clock Ringtones,many,2
Funny Alarm Clock Ringtones,many,2
Funny Alarm Clock Ringtones,useful,1
Funny Pics,virus,1
Fuzzy Seasons: Animal Forest,v,1
Fuzzy Seasons: Animal Forest,like,2
Fuzzy Seasons: Animal Forest,like,2
G Cloud Backup,useful,1
G Cloud Backup,important,1
Galactic Core Free Wallpaper,Wish,1
Galactic Core Free Wallpaper,free,1
Galactic Core Free Wallpaper,great,1
Galaxy Attack: Alien Shooter,new,1
Game of Thrones: ConquestÔø?,fun,1
Garden Fruit Legend,nice,1
Gardenscapes,Your,1
Gardenscapes,allow,1
Gardenscapes,fair,1
Garena Free Fire,weak,1
Garena Free Fire,handle,1
Garena Free Fire,many,1
Garena Free Fire,first,1
GasBuddy: Find Cheap Gas,wrong,1
Gay Sugar Daddy Dating & Hookup Ôø?Sudy Gay,upgrade,1
Gboard - the Google Keyboard,good,1
Gems or jewels ,uninstalled,1
Gems or jewels ,least,1
Gems or jewels ?,stop,1
Genius Scan - PDF Scanner,useful,1
GMAT Math Flashcards,helpful,1
GMAT Math Flashcards,great,1
GMAT Math Flashcards,able,1
GMAT Question Bank,quiz,1
"GO SMS Pro - Messenger, Free Themes, Emoji",Unable,1
"GO SMS Pro - Messenger, Free Themes, Emoji",dual,1
"GO SMS Pro - Messenger, Free Themes, Emoji",new,1
"GO Weather - Widget, Theme, Wallpaper, Efficient",right,1
GoBank,.....,1
Goku Wallpaper Art,best,1
Gold Butterfly Keyboard Theme,Wonderful,1
Golden Dictionary (EN-AR),ÿßŸÑÿ™ÿ∑ÿ®ŸäŸÇ,1
Golden Launcher,nice,1
Goldstar: Live Event Tickets,awesome,1
Golf Channel,good,1
"GolfNow: Tee Time Deals at Golf Courses, Golf GPS",great,1
GoodRx Drug Prices and Coupons,free,1
Google,biggest,1
Google Ads,terrible,1
Google Fit - Fitness Tracking,easy,1
Google Handwriting Input,able,1
Google Handwriting Input,text,1
Google Keep,new,1
Google My Business,able,1
Google My Business,great,1
Google News,user,1
Google News,top,1
Google Pay,tap,1
Google PDF Viewer,sleek,1
Google Photos,snap,1
Google Slides,Great,1
Google Slides,Greatest,1
Google Translate,nice,1
Google Translate,small,1
Google Trips - Travel Planner,Useful,1
Google+,social,1
Google+,useful,1
GoPro (formerly Capture),Total,1
GPS Map Free,good,1
GPS Speedometer and Odometer,great,1
GPS Status & Toolbox,screen,1
Granny,scary,1
Graphing Calculator,small,1
GRE Tutor,nice,1
Grim Soul: Dark Fantasy Survival,smart,1
Grim Soul: Dark Fantasy Survival,playing,1
Groovebook Photo Books & Gifts,unsubscribe,1
GroupMe,fine,1
GroupMe,horrible,1
"Groupon - Shop Deals, Discounts & Coupons",different,1
GS SHOP,English,1
GS SHOP,Good,1
Guns of Glory,YOUR,1
Hangouts,simple,1
Happify,Useful,1
Happify,flourish,1
Happy Street,kill,1
Happy Street,easy,1
Harkins Theatres,confirm,1
Harry Potter: Hogwarts Mystery,complete,1
HauteLook,useful,1
HauteLook,specific,1
Hay Day,earned,1
Haystack TV: Local & World News - Free,great,1
HBO GO: Stream with TV Package,open,1
HBO GO: Stream with TV Package,blank,1
HD Camera for Android,Wow,1
HD Camera Pro for Android,simple,1
HD Camera Ultra,Wow,1
HD Camera Ultra,good,1
HD Camera Ultra,free,1
HD Movie Video Player,many,1
HD Widgets,great,1
HD Widgets,samsung,1
HDFC Bank MobileBanking,able,1
Headspace: Meditation & Mindfulness,create,1
Health and Nutrition Guide,Wonderful,1
Health and Nutrition Guide,great,1
HealtheLife,beside,1
Healthy Recipes Free,easy,1
Healthy Recipes Free,follow,1
Hello Kitty Lunchbox,favorite,1
Hello Kitty Nail Salon,many,1
Hello Kitty Nail Salon,#NAME?,1
Hello Kitty Nail Salon,Creative,1
Hello Stars,many,1
Hero Hunters,im,1
Herpes Positive Singles Dating,good,1
Herpes Positive Singles Dating,Wish,1
Herpes Positive Singles Dating,free,1
HESI A2 Pocket Prep,actual,1
"Hide App, Private Dating, Safe Chat - PrivacyHider",..,1
"Hide App, Private Dating, Safe Chat - PrivacyHider",sum,1
"Hide Something - Photo, Video",picture,1
Hideman VPN,ur,1
High Blood Pressure Symptoms,good,1
High-Powered Flashlight,great,1
Hill Climb Racing 2,farthest,1
Hinge: Dating & Relationships,upload,1
HipChat - Chat Built for Teams,list,1
HISTORY: Watch TV Show Full Episodes & Specials,many,1
Hitwe - meet people and chat,sign,1
Hitwe - meet people and chat,free,1
Home Scouting¬Æ MLS Mobile,password,1
Home Workout - No Equipment,amazing,1
"Home workouts - fat burning, abs, legs, arms,chest",Good,1
"Homes.com üè† For Sale, Rent",Vest,1
Homesnap Real Estate & Rentals,tricky,1
Homesnap Real Estate & Rentals,unprofessional,1
Homestyler Interior Design & Decorating Ideas,add,1
HomeWork,Best,2
HomeWork,best,2
Homework Planner,Wonderful,1
Homework Planner,helpful,1
Homework Planner,chaotic,1
Honkai Impact 3rd,tight,1
Hopper - Watch & Book Flights,ID,1
Horoscopes Ôø?Daily Zodiac Horoscope and Astrology,TRUE,1
Horses Live Wallpaper,wasteful,1
Hot Wheels: Race Off,u,1
Hotels Combined - Cheap deals,disappointed,1
Hotels.com: Book Hotel Rooms & Find Vacation Deals,uninstal,1
HotelTonight: Book amazing deals at great hotels,flexibility,1
Hotstar,great,1
HTC Calendar,intuitive,1
HTC Calendar,update,1
HTC Calendar,new,1
HTC Lock Screen,great,1
HTC Sense Input,mobile,1
HTC Sense Input-AR,upset,1
HTC Sense Input-AR,fix,1
HTC Service Ôø?DLNA,useless,1
HTC Social Plugin - Facebook,mandatory,1
